viewer_id,video_id,watched_ms,drop_ms,completed,is_synthetic
vw_000,vid_ch_aki_2,4908,4908,false,true
vw_000,vid_ch_s11_3,5162,5162,false,true
vw_000,vid_ch_juno_0,6446,6446,false,true
vw_000,vid_ch_s08_0,5694,5694,false,true
vw_000,vid_ch_s09_1,15000,,true,true
vw_000,vid_ch_s05_2,7786,7786,false,true
vw_000,vid_ch_s10_1,2688,2688,false,true
vw_000,vid_ch_ray_1,7764,7764,false,true
vw_000,vid_ch_kai_1,15000,,true,true
vw_000,vid_ch_s12_2,6513,6513,false,true
vw_000,vid_ch_s12_0,9000,,true,true
vw_000,vid_ch_s20_0,18000,,true,true
vw_000,vid_ch_s05_1,6805,6805,false,true
vw_000,vid_ch_s02_1,3940,3940,false,true
vw_000,vid_ch_s06_1,9033,9033,false,true
vw_001,vid_ch_s08_2,6049,6049,false,true
vw_001,vid_ch_s12_2,18000,,true,true
vw_001,vid_ch_s14_1,4450,4450,false,true
vw_001,vid_ch_s08_1,7180,7180,false,true
vw_001,vid_ch_nova_0,9799,9799,false,true
vw_001,vid_ch_s11_1,18000,,true,true
vw_001,vid_ch_s21_0,15000,,true,true
vw_001,vid_ch_s15_0,3036,3036,false,true
vw_001,vid_ch_kai_2,3401,3401,false,true
vw_001,vid_ch_s03_1,1376,1376,false,true
vw_001,vid_ch_s13_1,8748,8748,false,true
vw_001,vid_ch_s20_0,6803,6803,false,true
vw_001,vid_ch_pix_0,6916,6916,false,true
vw_002,vid_ch_s20_0,18000,,true,true
vw_002,vid_ch_kai_1,15000,,true,true
vw_002,vid_ch_s20_1,9909,9909,false,true
vw_002,vid_ch_s12_3,9000,,true,true
vw_002,vid_ch_s15_0,5662,5662,false,true
vw_002,vid_ch_s16_2,6908,6908,false,true
vw_002,vid_ch_juno_0,12000,,true,true
vw_002,vid_ch_s04_1,8285,8285,false,true
vw_002,vid_ch_s04_2,5581,5581,false,true
vw_002,vid_ch_vera_0,3657,3657,false,true
vw_002,vid_ch_s21_0,6056,6056,false,true
vw_002,vid_ch_s01_3,4673,4673,false,true
vw_002,vid_ch_s09_0,6388,6388,false,true
vw_002,vid_ch_vera_1,6767,6767,false,true
vw_002,vid_ch_s08_0,8433,8433,false,true
vw_002,vid_ch_s00_1,6086,6086,false,true
vw_002,vid_ch_s10_0,8743,8743,false,true
vw_002,vid_ch_mei_0,5455,5455,false,true
vw_002,vid_ch_pix_1,6716,6716,false,true
vw_002,vid_ch_s20_2,12000,,true,true
vw_002,vid_ch_s12_0,3173,3173,false,true
vw_002,vid_ch_s01_2,8710,8710,false,true
vw_002,vid_ch_s19_0,4752,4752,false,true
vw_002,vid_ch_s11_1,18000,,true,true
vw_003,vid_ch_s11_1,18000,,true,true
vw_003,vid_ch_nova_1,12000,,true,true
vw_003,vid_ch_s16_0,12000,,true,true
vw_003,vid_ch_s11_2,4391,4391,false,true
vw_003,vid_ch_s02_0,3873,3873,false,true
vw_003,vid_ch_s21_1,6630,6630,false,true
vw_003,vid_ch_s11_3,3064,3064,false,true
vw_003,vid_ch_s05_0,9000,,true,true
vw_003,vid_ch_s00_0,1970,1970,false,true
vw_003,vid_ch_pix_3,4005,4005,false,true
vw_003,vid_ch_s05_2,15000,,true,true
vw_003,vid_ch_s20_0,11392,11392,false,true
vw_003,vid_ch_s17_1,4544,4544,false,true
vw_003,vid_ch_s04_0,4324,4324,false,true
vw_003,vid_ch_s16_1,8144,8144,false,true
vw_003,vid_ch_s05_1,12000,,true,true
vw_004,vid_ch_s01_1,6082,6082,false,true
vw_004,vid_ch_vera_0,12000,,true,true
vw_004,vid_ch_s21_1,15000,,true,true
vw_004,vid_ch_vera_1,2588,2588,false,true
vw_004,vid_ch_aki_2,6880,6880,false,true
vw_004,vid_ch_s16_2,9429,9429,false,true
vw_004,vid_ch_s06_2,12000,,true,true
vw_004,vid_ch_s08_1,3712,3712,false,true
vw_004,vid_ch_s12_1,7353,7353,false,true
vw_004,vid_ch_s20_1,18000,,true,true
vw_004,vid_ch_ray_1,12000,,true,true
vw_004,vid_ch_s07_1,18000,,true,true
vw_004,vid_ch_s14_0,5510,5510,false,true
vw_005,vid_ch_s15_0,6816,6816,false,true
vw_005,vid_ch_s06_1,9513,9513,false,true
vw_005,vid_ch_s09_0,2909,2909,false,true
vw_005,vid_ch_s20_0,18000,,true,true
vw_005,vid_ch_s12_1,9138,9138,false,true
vw_005,vid_ch_s12_3,1852,1852,false,true
vw_005,vid_ch_s10_1,2824,2824,false,true
vw_005,vid_ch_s10_0,7087,7087,false,true
vw_005,vid_ch_s18_2,2376,2376,false,true
vw_005,vid_ch_s04_1,4368,4368,false,true
vw_005,vid_ch_aki_1,4443,4443,false,true
vw_005,vid_ch_aki_0,3188,3188,false,true
vw_005,vid_ch_s07_1,2838,2838,false,true
vw_005,vid_ch_s21_0,7879,7879,false,true
vw_005,vid_ch_s14_1,4496,4496,false,true
vw_005,vid_ch_s01_1,18000,,true,true
vw_005,vid_ch_s16_1,5863,5863,false,true
vw_005,vid_ch_mei_0,1659,1659,false,true
vw_005,vid_ch_s05_2,15000,,true,true
vw_005,vid_ch_pix_1,12000,,true,true
vw_005,vid_ch_s03_0,6200,6200,false,true
vw_005,vid_ch_s21_1,5165,5165,false,true
vw_005,vid_ch_s01_0,5515,5515,false,true
vw_005,vid_ch_s08_0,15000,,true,true
vw_006,vid_ch_s06_1,15000,,true,true
vw_006,vid_ch_ray_0,11182,11182,false,true
vw_006,vid_ch_s03_1,9000,,true,true
vw_006,vid_ch_kai_0,12000,,true,true
vw_006,vid_ch_s15_1,6783,6783,false,true
vw_006,vid_ch_s19_1,5420,5420,false,true
vw_006,vid_ch_s19_0,12000,,true,true
vw_006,vid_ch_s17_0,12000,,true,true
vw_006,vid_ch_s14_1,5700,5700,false,true
vw_006,vid_ch_s14_0,6463,6463,false,true
vw_006,vid_ch_s05_0,4720,4720,false,true
vw_006,vid_ch_s01_0,18000,,true,true
vw_006,vid_ch_kai_1,3998,3998,false,true
vw_007,vid_ch_s12_1,5268,5268,false,true
vw_007,vid_ch_kai_0,6887,6887,false,true
vw_007,vid_ch_juno_0,4643,4643,false,true
vw_007,vid_ch_s07_0,9122,9122,false,true
vw_007,vid_ch_s16_1,6836,6836,false,true
vw_007,vid_ch_s05_0,2275,2275,false,true
vw_007,vid_ch_s21_2,9445,9445,false,true
vw_007,vid_ch_s12_2,6623,6623,false,true
vw_007,vid_ch_kai_1,7151,7151,false,true
vw_007,vid_ch_aki_2,6014,6014,false,true
vw_007,vid_ch_s05_1,4464,4464,false,true
vw_007,vid_ch_s19_3,9000,,true,true
vw_007,vid_ch_s07_1,18000,,true,true
vw_007,vid_ch_mei_0,4143,4143,false,true
vw_007,vid_ch_s18_2,5144,5144,false,true
vw_007,vid_ch_mei_1,4794,4794,false,true
vw_007,vid_ch_s06_2,6405,6405,false,true
vw_007,vid_ch_s01_2,2895,2895,false,true
vw_007,vid_ch_s00_1,15000,,true,true
vw_007,vid_ch_s03_0,4779,4779,false,true
vw_008,vid_ch_ray_0,18000,,true,true
vw_008,vid_ch_s01_2,9159,9159,false,true
vw_008,vid_ch_s12_3,5245,5245,false,true
vw_008,vid_ch_s00_1,15000,,true,true
vw_008,vid_ch_s09_1,15000,,true,true
vw_008,vid_ch_pix_2,15000,,true,true
vw_008,vid_ch_kai_1,5659,5659,false,true
vw_008,vid_ch_s05_1,12000,,true,true
vw_008,vid_ch_s00_0,2782,2782,false,true
vw_008,vid_ch_nova_1,4690,4690,false,true
vw_008,vid_ch_s05_2,6319,6319,false,true
vw_008,vid_ch_s18_0,5988,5988,false,true
vw_008,vid_ch_aki_0,2713,2713,false,true
vw_009,vid_ch_aki_2,5842,5842,false,true
vw_009,vid_ch_kai_2,9000,,true,true
vw_009,vid_ch_s02_2,5894,5894,false,true
vw_009,vid_ch_s21_0,15000,,true,true
vw_009,vid_ch_s06_2,2201,2201,false,true
vw_009,vid_ch_pix_0,3209,3209,false,true
vw_009,vid_ch_s20_0,18000,,true,true
vw_009,vid_ch_s05_1,12000,,true,true
vw_009,vid_ch_s10_0,11619,11619,false,true
vw_009,vid_ch_s18_0,15000,,true,true
vw_009,vid_ch_vera_0,12000,,true,true
vw_009,vid_ch_s05_0,1927,1927,false,true
vw_009,vid_ch_s04_0,9337,9337,false,true
vw_009,vid_ch_s00_1,15000,,true,true
vw_009,vid_ch_s18_2,12000,,true,true
vw_009,vid_ch_aki_3,15000,,true,true
vw_009,vid_ch_s11_2,4863,4863,false,true
vw_009,vid_ch_s03_0,2997,2997,false,true
vw_009,vid_ch_nova_0,4447,4447,false,true
vw_009,vid_ch_vera_1,9131,9131,false,true
vw_009,vid_ch_s08_0,6359,6359,false,true
vw_010,vid_ch_s07_1,6463,6463,false,true
vw_010,vid_ch_s10_1,4223,4223,false,true
vw_010,vid_ch_s21_1,6575,6575,false,true
vw_010,vid_ch_s08_0,7294,7294,false,true
vw_010,vid_ch_s11_3,12000,,true,true
vw_010,vid_ch_s04_0,15000,,true,true
vw_010,vid_ch_s16_2,18000,,true,true
vw_010,vid_ch_s13_1,4095,4095,false,true
vw_010,vid_ch_s13_0,15000,,true,true
vw_010,vid_ch_ray_0,18000,,true,true
vw_010,vid_ch_s20_1,8891,8891,false,true
vw_010,vid_ch_juno_0,2656,2656,false,true
vw_010,vid_ch_s00_1,8027,8027,false,true
vw_010,vid_ch_s01_1,18000,,true,true
vw_010,vid_ch_s07_0,9240,9240,false,true
vw_010,vid_ch_vera_1,7976,7976,false,true
vw_010,vid_ch_s19_0,12000,,true,true
vw_010,vid_ch_kai_2,9000,,true,true
vw_010,vid_ch_s17_1,2687,2687,false,true
vw_010,vid_ch_s16_1,15000,,true,true
vw_010,vid_ch_aki_1,6734,6734,false,true
vw_010,vid_ch_nova_0,3595,3595,false,true
vw_011,vid_ch_s05_0,9000,,true,true
vw_011,vid_ch_kai_0,4755,4755,false,true
vw_011,vid_ch_s21_2,15000,,true,true
vw_011,vid_ch_s06_0,7994,7994,false,true
vw_011,vid_ch_s18_2,7587,7587,false,true
vw_011,vid_ch_pix_2,15000,,true,true
vw_011,vid_ch_s08_2,15000,,true,true
vw_011,vid_ch_s02_1,9000,,true,true
vw_011,vid_ch_s05_1,5344,5344,false,true
vw_011,vid_ch_s06_2,4014,4014,false,true
vw_011,vid_ch_ray_0,6275,6275,false,true
vw_011,vid_ch_s01_1,18000,,true,true
vw_011,vid_ch_nova_0,18000,,true,true
vw_011,vid_ch_s20_0,8526,8526,false,true
vw_011,vid_ch_s03_0,18000,,true,true
vw_011,vid_ch_s16_2,8396,8396,false,true
vw_011,vid_ch_s11_3,12000,,true,true
vw_011,vid_ch_aki_2,12000,,true,true
vw_011,vid_ch_s20_1,18000,,true,true
vw_011,vid_ch_s13_0,8302,8302,false,true
vw_011,vid_ch_s16_1,3926,3926,false,true
vw_011,vid_ch_s18_0,9220,9220,false,true
vw_011,vid_ch_aki_3,15000,,true,true
vw_012,vid_ch_nova_0,10784,10784,false,true
vw_012,vid_ch_vera_0,4248,4248,false,true
vw_012,vid_ch_s12_2,10139,10139,false,true
vw_012,vid_ch_s15_1,4672,4672,false,true
vw_012,vid_ch_s16_2,3770,3770,false,true
vw_012,vid_ch_mei_1,9000,,true,true
vw_012,vid_ch_s19_0,3352,3352,false,true
vw_012,vid_ch_s04_1,18000,,true,true
vw_012,vid_ch_s12_1,6121,6121,false,true
vw_012,vid_ch_aki_3,4127,4127,false,true
vw_012,vid_ch_s02_0,5476,5476,false,true
vw_012,vid_ch_s09_1,5469,5469,false,true
vw_012,vid_ch_s21_0,15000,,true,true
vw_012,vid_ch_kai_1,15000,,true,true
vw_012,vid_ch_s12_0,9000,,true,true
vw_013,vid_ch_s20_1,10760,10760,false,true
vw_013,vid_ch_nova_0,6619,6619,false,true
vw_013,vid_ch_s06_0,15000,,true,true
vw_013,vid_ch_s03_0,18000,,true,true
vw_013,vid_ch_s19_1,12000,,true,true
vw_013,vid_ch_s19_0,7063,7063,false,true
vw_013,vid_ch_ray_1,5053,5053,false,true
vw_013,vid_ch_s12_2,7307,7307,false,true
vw_013,vid_ch_pix_1,6157,6157,false,true
vw_013,vid_ch_nova_1,12000,,true,true
vw_013,vid_ch_aki_0,4713,4713,false,true
vw_013,vid_ch_s00_0,6247,6247,false,true
vw_013,vid_ch_kai_0,4441,4441,false,true
vw_013,vid_ch_s14_1,5431,5431,false,true
vw_013,vid_ch_kai_2,9000,,true,true
vw_013,vid_ch_s15_0,5269,5269,false,true
vw_013,vid_ch_aki_2,7402,7402,false,true
vw_013,vid_ch_s16_2,18000,,true,true
vw_013,vid_ch_s02_1,9000,,true,true
vw_013,vid_ch_s18_1,8121,8121,false,true
vw_013,vid_ch_s07_1,18000,,true,true
vw_013,vid_ch_s03_1,9000,,true,true
vw_013,vid_ch_s00_1,9559,9559,false,true
vw_013,vid_ch_s16_1,15000,,true,true
vw_014,vid_ch_s14_0,5343,5343,false,true
vw_014,vid_ch_s15_1,11539,11539,false,true
vw_014,vid_ch_s18_0,9608,9608,false,true
vw_014,vid_ch_s21_1,8858,8858,false,true
vw_014,vid_ch_s13_0,9037,9037,false,true
vw_014,vid_ch_kai_1,9169,9169,false,true
vw_014,vid_ch_s04_0,5682,5682,false,true
vw_014,vid_ch_ray_1,6562,6562,false,true
vw_014,vid_ch_s03_1,4388,4388,false,true
vw_014,vid_ch_s20_1,18000,,true,true
vw_014,vid_ch_pix_1,7386,7386,false,true
vw_014,vid_ch_juno_0,12000,,true,true
vw_014,vid_ch_vera_1,5258,5258,false,true
vw_014,vid_ch_juno_1,4548,4548,false,true
vw_014,vid_ch_s15_0,3450,3450,false,true
vw_014,vid_ch_s09_0,5086,5086,false,true
vw_014,vid_ch_s03_0,18000,,true,true
vw_014,vid_ch_s06_0,6901,6901,false,true
vw_014,vid_ch_kai_0,2955,2955,false,true
vw_014,vid_ch_s05_1,6950,6950,false,true
vw_015,vid_ch_s16_2,8930,8930,false,true
vw_015,vid_ch_s13_1,15000,,true,true
vw_015,vid_ch_s10_0,18000,,true,true
vw_015,vid_ch_s02_0,12000,,true,true
vw_015,vid_ch_pix_0,18000,,true,true
vw_015,vid_ch_juno_1,5095,5095,false,true
vw_015,vid_ch_s20_1,6350,6350,false,true
vw_015,vid_ch_ray_1,2276,2276,false,true
vw_015,vid_ch_s19_3,9000,,true,true
vw_015,vid_ch_mei_1,9000,,true,true
vw_015,vid_ch_nova_1,6079,6079,false,true
vw_015,vid_ch_aki_2,12000,,true,true
vw_015,vid_ch_s04_1,11483,11483,false,true
vw_015,vid_ch_s01_1,4606,4606,false,true
vw_015,vid_ch_aki_0,9000,,true,true
vw_015,vid_ch_mei_0,9000,,true,true
vw_015,vid_ch_s06_1,15000,,true,true
vw_015,vid_ch_s05_2,5791,5791,false,true
vw_015,vid_ch_s19_1,6409,6409,false,true
vw_015,vid_ch_s20_2,2231,2231,false,true
vw_016,vid_ch_s11_0,9000,,true,true
vw_016,vid_ch_s08_2,7470,7470,false,true
vw_016,vid_ch_s19_1,3347,3347,false,true
vw_016,vid_ch_s12_3,1976,1976,false,true
vw_016,vid_ch_s07_1,18000,,true,true
vw_016,vid_ch_aki_2,5052,5052,false,true
vw_016,vid_ch_s01_0,10275,10275,false,true
vw_016,vid_ch_juno_1,9000,,true,true
vw_016,vid_ch_s13_0,15000,,true,true
vw_016,vid_ch_s12_1,6985,6985,false,true
vw_016,vid_ch_s04_2,12000,,true,true
vw_016,vid_ch_ray_0,11257,11257,false,true
vw_016,vid_ch_s02_1,4513,4513,false,true
vw_016,vid_ch_s08_0,15000,,true,true
vw_017,vid_ch_s00_0,7581,7581,false,true
vw_017,vid_ch_s16_1,15000,,true,true
vw_017,vid_ch_s01_0,18000,,true,true
vw_017,vid_ch_pix_1,12000,,true,true
vw_017,vid_ch_s06_1,15000,,true,true
vw_017,vid_ch_s18_0,7498,7498,false,true
vw_017,vid_ch_s20_1,18000,,true,true
vw_017,vid_ch_s20_0,18000,,true,true
vw_017,vid_ch_s13_1,3298,3298,false,true
vw_017,vid_ch_s01_2,5141,5141,false,true
vw_017,vid_ch_s08_1,6064,6064,false,true
vw_017,vid_ch_s11_0,5302,5302,false,true
vw_017,vid_ch_s12_1,8577,8577,false,true
vw_017,vid_ch_s20_2,12000,,true,true
vw_017,vid_ch_s05_2,15000,,true,true
vw_018,vid_ch_juno_0,12000,,true,true
vw_018,vid_ch_s17_1,6319,6319,false,true
vw_018,vid_ch_s13_1,3852,3852,false,true
vw_018,vid_ch_s00_1,15000,,true,true
vw_018,vid_ch_pix_1,7616,7616,false,true
vw_018,vid_ch_aki_0,9000,,true,true
vw_018,vid_ch_s04_2,12000,,true,true
vw_018,vid_ch_s01_3,12000,,true,true
vw_018,vid_ch_s02_1,4587,4587,false,true
vw_018,vid_ch_vera_1,6806,6806,false,true
vw_018,vid_ch_s06_0,3038,3038,false,true
vw_018,vid_ch_s11_0,9000,,true,true
vw_018,vid_ch_pix_2,15000,,true,true
vw_018,vid_ch_s02_0,6364,6364,false,true
vw_019,vid_ch_s07_0,18000,,true,true
vw_019,vid_ch_s21_0,15000,,true,true
vw_019,vid_ch_ray_0,4065,4065,false,true
vw_019,vid_ch_s13_1,4091,4091,false,true
vw_019,vid_ch_aki_3,3370,3370,false,true
vw_019,vid_ch_s21_1,4571,4571,false,true
vw_019,vid_ch_ray_1,12000,,true,true
vw_019,vid_ch_s06_2,5733,5733,false,true
vw_019,vid_ch_s19_3,5386,5386,false,true
vw_019,vid_ch_s15_0,7324,7324,false,true
vw_019,vid_ch_s01_2,18000,,true,true
vw_019,vid_ch_mei_0,1649,1649,false,true
vw_019,vid_ch_vera_0,2983,2983,false,true
vw_019,vid_ch_s05_1,4362,4362,false,true
vw_019,vid_ch_s19_0,5550,5550,false,true
vw_019,vid_ch_s17_0,2124,2124,false,true
vw_019,vid_ch_s19_2,4300,4300,false,true
vw_019,vid_ch_nova_1,2662,2662,false,true
vw_019,vid_ch_s19_1,4649,4649,false,true
vw_019,vid_ch_pix_0,5470,5470,false,true
vw_019,vid_ch_s02_2,3248,3248,false,true
vw_019,vid_ch_s09_0,7274,7274,false,true
vw_019,vid_ch_juno_1,9000,,true,true
vw_020,vid_ch_s21_1,6878,6878,false,true
vw_020,vid_ch_vera_0,7488,7488,false,true
vw_020,vid_ch_s04_0,3302,3302,false,true
vw_020,vid_ch_s00_0,3915,3915,false,true
vw_020,vid_ch_ray_0,5575,5575,false,true
vw_020,vid_ch_s11_3,12000,,true,true
vw_020,vid_ch_mei_1,9000,,true,true
vw_020,vid_ch_s17_0,5826,5826,false,true
vw_020,vid_ch_s11_2,5453,5453,false,true
vw_020,vid_ch_s19_0,4657,4657,false,true
vw_020,vid_ch_s01_3,12000,,true,true
vw_020,vid_ch_s20_1,18000,,true,true
vw_020,vid_ch_kai_1,7848,7848,false,true
vw_020,vid_ch_s08_2,15000,,true,true
vw_020,vid_ch_s13_1,5507,5507,false,true
vw_020,vid_ch_kai_2,3253,3253,false,true
vw_020,vid_ch_s17_1,12000,,true,true
vw_020,vid_ch_s06_1,6831,6831,false,true
vw_021,vid_ch_s06_1,15000,,true,true
vw_021,vid_ch_s08_1,6155,6155,false,true
vw_021,vid_ch_s02_0,6275,6275,false,true
vw_021,vid_ch_s06_0,15000,,true,true
vw_021,vid_ch_aki_3,15000,,true,true
vw_021,vid_ch_s21_0,15000,,true,true
vw_021,vid_ch_s21_2,4020,4020,false,true
vw_021,vid_ch_s09_0,12000,,true,true
vw_021,vid_ch_s04_2,12000,,true,true
vw_021,vid_ch_s01_3,4939,4939,false,true
vw_021,vid_ch_s11_3,5391,5391,false,true
vw_021,vid_ch_s18_0,2410,2410,false,true
vw_021,vid_ch_s15_1,18000,,true,true
vw_021,vid_ch_s02_2,15000,,true,true
vw_021,vid_ch_s17_1,3301,3301,false,true
vw_021,vid_ch_s05_2,2760,2760,false,true
vw_022,vid_ch_s21_1,4080,4080,false,true
vw_022,vid_ch_s11_2,18000,,true,true
vw_022,vid_ch_s03_0,5166,5166,false,true
vw_022,vid_ch_s12_3,9000,,true,true
vw_022,vid_ch_s18_1,10318,10318,false,true
vw_022,vid_ch_ray_1,12000,,true,true
vw_022,vid_ch_s12_0,3252,3252,false,true
vw_022,vid_ch_s12_2,9185,9185,false,true
vw_022,vid_ch_s04_2,5115,5115,false,true
vw_022,vid_ch_s16_2,18000,,true,true
vw_022,vid_ch_s09_1,3981,3981,false,true
vw_022,vid_ch_s04_0,15000,,true,true
vw_022,vid_ch_nova_1,2846,2846,false,true
vw_022,vid_ch_s19_2,7962,7962,false,true
vw_022,vid_ch_s02_2,7983,7983,false,true
vw_022,vid_ch_s18_2,5548,5548,false,true
vw_022,vid_ch_s17_1,1990,1990,false,true
vw_022,vid_ch_s01_0,5949,5949,false,true
vw_022,vid_ch_s06_1,3519,3519,false,true
vw_022,vid_ch_s09_0,3918,3918,false,true
vw_022,vid_ch_s16_1,4570,4570,false,true
vw_022,vid_ch_pix_1,2556,2556,false,true
vw_022,vid_ch_s15_0,3074,3074,false,true
vw_023,vid_ch_aki_0,4539,4539,false,true
vw_023,vid_ch_nova_0,18000,,true,true
vw_023,vid_ch_s04_0,15000,,true,true
vw_023,vid_ch_s17_1,12000,,true,true
vw_023,vid_ch_s16_0,5116,5116,false,true
vw_023,vid_ch_s11_0,3062,3062,false,true
vw_023,vid_ch_s16_1,7682,7682,false,true
vw_023,vid_ch_s01_2,9211,9211,false,true
vw_023,vid_ch_s05_0,9000,,true,true
vw_023,vid_ch_juno_1,5508,5508,false,true
vw_023,vid_ch_vera_1,3534,3534,false,true
vw_023,vid_ch_s21_2,4457,4457,false,true
vw_023,vid_ch_kai_2,4221,4221,false,true
vw_023,vid_ch_s03_0,18000,,true,true
vw_023,vid_ch_s16_2,18000,,true,true
vw_023,vid_ch_pix_1,12000,,true,true
vw_023,vid_ch_nova_1,12000,,true,true
vw_023,vid_ch_s06_0,6657,6657,false,true
vw_023,vid_ch_s05_2,4885,4885,false,true
vw_023,vid_ch_s06_1,7205,7205,false,true
vw_023,vid_ch_aki_2,2407,2407,false,true
vw_023,vid_ch_s05_1,12000,,true,true
vw_023,vid_ch_s18_2,2747,2747,false,true
vw_024,vid_ch_s12_2,3266,3266,false,true
vw_024,vid_ch_s08_2,3823,3823,false,true
vw_024,vid_ch_aki_1,12000,,true,true
vw_024,vid_ch_s01_0,18000,,true,true
vw_024,vid_ch_aki_2,3343,3343,false,true
vw_024,vid_ch_s19_3,4007,4007,false,true
vw_024,vid_ch_s14_0,5059,5059,false,true
vw_024,vid_ch_s12_3,9000,,true,true
vw_024,vid_ch_s08_0,3196,3196,false,true
vw_024,vid_ch_kai_1,15000,,true,true
vw_024,vid_ch_s19_0,5232,5232,false,true
vw_024,vid_ch_s18_2,12000,,true,true
vw_024,vid_ch_s07_1,7678,7678,false,true
vw_024,vid_ch_aki_3,7140,7140,false,true
vw_024,vid_ch_s01_2,5080,5080,false,true
vw_024,vid_ch_s06_1,3940,3940,false,true
vw_024,vid_ch_s13_0,8905,8905,false,true
vw_024,vid_ch_s10_0,18000,,true,true
vw_024,vid_ch_s04_1,11200,11200,false,true
vw_025,vid_ch_s05_2,8995,8995,false,true
vw_025,vid_ch_s00_1,4767,4767,false,true
vw_025,vid_ch_s07_1,18000,,true,true
vw_025,vid_ch_s11_2,7688,7688,false,true
vw_025,vid_ch_vera_1,7848,7848,false,true
vw_025,vid_ch_s17_1,3753,3753,false,true
vw_025,vid_ch_s15_0,6185,6185,false,true
vw_025,vid_ch_s12_2,3816,3816,false,true
vw_025,vid_ch_s02_0,7053,7053,false,true
vw_025,vid_ch_s16_0,5316,5316,false,true
vw_025,vid_ch_s16_1,3413,3413,false,true
vw_025,vid_ch_s10_1,3804,3804,false,true
vw_025,vid_ch_s20_1,8970,8970,false,true
vw_025,vid_ch_aki_0,3084,3084,false,true
vw_025,vid_ch_s19_0,4228,4228,false,true
vw_026,vid_ch_pix_0,18000,,true,true
vw_026,vid_ch_s13_1,2640,2640,false,true
vw_026,vid_ch_s01_3,6878,6878,false,true
vw_026,vid_ch_s04_0,6810,6810,false,true
vw_026,vid_ch_s16_2,4702,4702,false,true
vw_026,vid_ch_nova_1,12000,,true,true
vw_026,vid_ch_mei_1,9000,,true,true
vw_026,vid_ch_s03_0,5737,5737,false,true
vw_026,vid_ch_s11_1,18000,,true,true
vw_026,vid_ch_s12_0,5238,5238,false,true
vw_026,vid_ch_s06_0,9178,9178,false,true
vw_026,vid_ch_s20_2,12000,,true,true
vw_026,vid_ch_juno_1,3949,3949,false,true
vw_027,vid_ch_s00_1,15000,,true,true
vw_027,vid_ch_pix_3,5193,5193,false,true
vw_027,vid_ch_s15_1,18000,,true,true
vw_027,vid_ch_s04_1,7277,7277,false,true
vw_027,vid_ch_s11_0,4893,4893,false,true
vw_027,vid_ch_vera_1,7669,7669,false,true
vw_027,vid_ch_s17_0,6404,6404,false,true
vw_027,vid_ch_s04_2,2455,2455,false,true
vw_027,vid_ch_s07_0,18000,,true,true
vw_027,vid_ch_kai_0,12000,,true,true
vw_027,vid_ch_s21_0,15000,,true,true
vw_027,vid_ch_kai_1,7408,7408,false,true
vw_027,vid_ch_s09_0,7053,7053,false,true
vw_027,vid_ch_s08_1,6143,6143,false,true
vw_027,vid_ch_s19_0,4979,4979,false,true
vw_027,vid_ch_ray_0,3330,3330,false,true
vw_027,vid_ch_s21_1,15000,,true,true
vw_027,vid_ch_s08_2,15000,,true,true
vw_027,vid_ch_pix_1,3240,3240,false,true
vw_027,vid_ch_s02_2,5182,5182,false,true
vw_027,vid_ch_s05_2,2947,2947,false,true
vw_028,vid_ch_s21_0,7134,7134,false,true
vw_028,vid_ch_kai_2,9000,,true,true
vw_028,vid_ch_s00_1,7072,7072,false,true
vw_028,vid_ch_s04_2,12000,,true,true
vw_028,vid_ch_aki_2,5323,5323,false,true
vw_028,vid_ch_s07_1,18000,,true,true
vw_028,vid_ch_s12_3,1647,1647,false,true
vw_028,vid_ch_kai_1,8000,8000,false,true
vw_028,vid_ch_s19_0,12000,,true,true
vw_028,vid_ch_s08_0,8694,8694,false,true
vw_028,vid_ch_aki_0,4409,4409,false,true
vw_028,vid_ch_juno_1,3096,3096,false,true
vw_028,vid_ch_aki_1,4642,4642,false,true
vw_028,vid_ch_s10_1,12000,,true,true
vw_028,vid_ch_s01_0,18000,,true,true
vw_028,vid_ch_s06_1,3171,3171,false,true
vw_028,vid_ch_s05_2,7871,7871,false,true
vw_028,vid_ch_s20_1,18000,,true,true
vw_028,vid_ch_s08_2,6288,6288,false,true
vw_029,vid_ch_s05_0,9000,,true,true
vw_029,vid_ch_s01_1,5804,5804,false,true
vw_029,vid_ch_s15_1,3035,3035,false,true
vw_029,vid_ch_s20_2,12000,,true,true
vw_029,vid_ch_kai_2,1865,1865,false,true
vw_029,vid_ch_aki_2,5088,5088,false,true
vw_029,vid_ch_s02_1,5381,5381,false,true
vw_029,vid_ch_s04_2,5810,5810,false,true
vw_029,vid_ch_juno_1,2863,2863,false,true
vw_029,vid_ch_nova_1,12000,,true,true
vw_029,vid_ch_juno_0,3828,3828,false,true
vw_029,vid_ch_s19_3,1965,1965,false,true
vw_029,vid_ch_s19_2,8444,8444,false,true
vw_029,vid_ch_s04_1,18000,,true,true
vw_029,vid_ch_s03_1,4365,4365,false,true
vw_029,vid_ch_s05_1,3508,3508,false,true
vw_029,vid_ch_s10_0,3583,3583,false,true
vw_029,vid_ch_s07_0,4114,4114,false,true
vw_029,vid_ch_s11_0,1820,1820,false,true
vw_029,vid_ch_s11_3,12000,,true,true
vw_029,vid_ch_pix_2,15000,,true,true
vw_030,vid_ch_kai_0,12000,,true,true
vw_030,vid_ch_s06_1,7739,7739,false,true
vw_030,vid_ch_aki_3,15000,,true,true
vw_030,vid_ch_s15_0,2289,2289,false,true
vw_030,vid_ch_s08_1,15000,,true,true
vw_030,vid_ch_s08_2,7463,7463,false,true
vw_030,vid_ch_s05_1,5604,5604,false,true
vw_030,vid_ch_s11_3,3020,3020,false,true
vw_030,vid_ch_s01_0,18000,,true,true
vw_030,vid_ch_pix_2,5757,5757,false,true
vw_030,vid_ch_vera_0,2881,2881,false,true
vw_030,vid_ch_s10_0,9914,9914,false,true
vw_030,vid_ch_s03_1,9000,,true,true
vw_030,vid_ch_s21_0,15000,,true,true
vw_030,vid_ch_s13_1,15000,,true,true
vw_030,vid_ch_aki_1,12000,,true,true
vw_030,vid_ch_pix_1,12000,,true,true
vw_030,vid_ch_s19_0,2205,2205,false,true
vw_031,vid_ch_s08_0,7469,7469,false,true
vw_031,vid_ch_s05_1,12000,,true,true
vw_031,vid_ch_s12_3,1710,1710,false,true
vw_031,vid_ch_vera_1,9624,9624,false,true
vw_031,vid_ch_aki_0,9000,,true,true
vw_031,vid_ch_s14_0,8026,8026,false,true
vw_031,vid_ch_s12_2,18000,,true,true
vw_031,vid_ch_s04_1,18000,,true,true
vw_031,vid_ch_s09_0,4312,4312,false,true
vw_031,vid_ch_s19_0,7243,7243,false,true
vw_031,vid_ch_s07_0,7144,7144,false,true
vw_031,vid_ch_ray_1,5585,5585,false,true
vw_031,vid_ch_s13_0,15000,,true,true
vw_031,vid_ch_s06_0,15000,,true,true
vw_031,vid_ch_s07_1,18000,,true,true
vw_031,vid_ch_s10_0,7590,7590,false,true
vw_031,vid_ch_s21_2,15000,,true,true
vw_031,vid_ch_s01_0,18000,,true,true
vw_031,vid_ch_s01_2,18000,,true,true
vw_031,vid_ch_s19_2,18000,,true,true
vw_031,vid_ch_nova_1,12000,,true,true
vw_031,vid_ch_s08_2,9308,9308,false,true
vw_031,vid_ch_kai_2,9000,,true,true
vw_031,vid_ch_s21_0,6006,6006,false,true
vw_031,vid_ch_s15_1,3273,3273,false,true
vw_032,vid_ch_aki_2,3338,3338,false,true
vw_032,vid_ch_pix_3,9000,,true,true
vw_032,vid_ch_aki_1,5875,5875,false,true
vw_032,vid_ch_s11_0,4404,4404,false,true
vw_032,vid_ch_s12_2,18000,,true,true
vw_032,vid_ch_s02_1,9000,,true,true
vw_032,vid_ch_s06_1,6861,6861,false,true
vw_032,vid_ch_s20_0,18000,,true,true
vw_032,vid_ch_s21_0,9137,9137,false,true
vw_032,vid_ch_pix_1,3693,3693,false,true
vw_032,vid_ch_s11_3,12000,,true,true
vw_032,vid_ch_s01_3,4179,4179,false,true
vw_032,vid_ch_s18_2,12000,,true,true
vw_032,vid_ch_s19_1,3486,3486,false,true
vw_032,vid_ch_s08_1,15000,,true,true
vw_032,vid_ch_s07_1,18000,,true,true
vw_032,vid_ch_s18_0,8778,8778,false,true
vw_032,vid_ch_kai_0,4548,4548,false,true
vw_032,vid_ch_pix_2,15000,,true,true
vw_032,vid_ch_s01_1,18000,,true,true
vw_032,vid_ch_s12_3,1906,1906,false,true
vw_033,vid_ch_s20_0,9245,9245,false,true
vw_033,vid_ch_s16_2,18000,,true,true
vw_033,vid_ch_s14_0,18000,,true,true
vw_033,vid_ch_s20_2,7600,7600,false,true
vw_033,vid_ch_aki_3,15000,,true,true
vw_033,vid_ch_s00_0,12000,,true,true
vw_033,vid_ch_kai_1,5480,5480,false,true
vw_033,vid_ch_s03_1,9000,,true,true
vw_033,vid_ch_s14_1,18000,,true,true
vw_033,vid_ch_s02_0,12000,,true,true
vw_033,vid_ch_s06_2,6379,6379,false,true
vw_033,vid_ch_s01_2,7347,7347,false,true
vw_033,vid_ch_s09_1,4906,4906,false,true
vw_033,vid_ch_s05_2,8278,8278,false,true
vw_033,vid_ch_s16_1,15000,,true,true
vw_033,vid_ch_s04_2,4404,4404,false,true
vw_033,vid_ch_s01_1,9650,9650,false,true
vw_033,vid_ch_s12_3,5464,5464,false,true
vw_033,vid_ch_s18_2,12000,,true,true
vw_033,vid_ch_s05_1,3093,3093,false,true
vw_033,vid_ch_vera_0,2037,2037,false,true
vw_034,vid_ch_s01_3,5300,5300,false,true
vw_034,vid_ch_mei_1,9000,,true,true
vw_034,vid_ch_s03_1,2484,2484,false,true
vw_034,vid_ch_s11_1,4688,4688,false,true
vw_034,vid_ch_s17_1,12000,,true,true
vw_034,vid_ch_vera_1,7571,7571,false,true
vw_034,vid_ch_aki_0,9000,,true,true
vw_034,vid_ch_s06_2,2432,2432,false,true
vw_034,vid_ch_mei_0,9000,,true,true
vw_034,vid_ch_nova_1,3365,3365,false,true
vw_034,vid_ch_aki_3,4359,4359,false,true
vw_034,vid_ch_s14_0,4207,4207,false,true
vw_034,vid_ch_aki_2,1829,1829,false,true
vw_034,vid_ch_s08_1,15000,,true,true
vw_034,vid_ch_s05_2,8555,8555,false,true
vw_034,vid_ch_aki_1,3356,3356,false,true
vw_034,vid_ch_s16_1,8561,8561,false,true
vw_034,vid_ch_s04_0,15000,,true,true
vw_034,vid_ch_s01_0,8316,8316,false,true
vw_035,vid_ch_aki_0,1597,1597,false,true
vw_035,vid_ch_pix_1,7558,7558,false,true
vw_035,vid_ch_s03_0,2827,2827,false,true
vw_035,vid_ch_s06_2,5051,5051,false,true
vw_035,vid_ch_s09_0,12000,,true,true
vw_035,vid_ch_s19_3,9000,,true,true
vw_035,vid_ch_s07_0,8685,8685,false,true
vw_035,vid_ch_s10_1,5308,5308,false,true
vw_035,vid_ch_s06_0,7790,7790,false,true
vw_035,vid_ch_ray_0,9983,9983,false,true
vw_035,vid_ch_mei_1,9000,,true,true
vw_035,vid_ch_s02_1,1471,1471,false,true
vw_035,vid_ch_s11_1,8235,8235,false,true
vw_035,vid_ch_kai_0,12000,,true,true
vw_035,vid_ch_s15_1,4018,4018,false,true
vw_035,vid_ch_s16_0,6223,6223,false,true
vw_035,vid_ch_kai_2,1805,1805,false,true
vw_035,vid_ch_s19_2,8228,8228,false,true
vw_035,vid_ch_s21_1,5546,5546,false,true
vw_035,vid_ch_s19_1,7619,7619,false,true
vw_036,vid_ch_aki_0,9000,,true,true
vw_036,vid_ch_kai_2,3127,3127,false,true
vw_036,vid_ch_s04_1,4168,4168,false,true
vw_036,vid_ch_s11_1,4751,4751,false,true
vw_036,vid_ch_s21_0,15000,,true,true
vw_036,vid_ch_s18_2,12000,,true,true
vw_036,vid_ch_s12_1,9086,9086,false,true
vw_036,vid_ch_s21_2,9212,9212,false,true
vw_036,vid_ch_s04_2,7650,7650,false,true
vw_036,vid_ch_s11_0,9000,,true,true
vw_036,vid_ch_s08_2,5413,5413,false,true
vw_036,vid_ch_s16_2,5100,5100,false,true
vw_037,vid_ch_s05_0,5281,5281,false,true
vw_037,vid_ch_s14_0,4033,4033,false,true
vw_037,vid_ch_s06_1,15000,,true,true
vw_037,vid_ch_s15_0,5260,5260,false,true
vw_037,vid_ch_s00_1,9019,9019,false,true
vw_037,vid_ch_s12_2,10951,10951,false,true
vw_037,vid_ch_aki_3,6097,6097,false,true
vw_037,vid_ch_s04_1,18000,,true,true
vw_037,vid_ch_s02_2,7968,7968,false,true
vw_037,vid_ch_s01_2,5334,5334,false,true
vw_037,vid_ch_s12_3,2391,2391,false,true
vw_037,vid_ch_s11_1,18000,,true,true
vw_037,vid_ch_s17_1,1943,1943,false,true
vw_038,vid_ch_s01_0,2974,2974,false,true
vw_038,vid_ch_s19_3,4578,4578,false,true
vw_038,vid_ch_kai_0,3526,3526,false,true
vw_038,vid_ch_s11_2,18000,,true,true
vw_038,vid_ch_s08_1,6057,6057,false,true
vw_038,vid_ch_kai_1,4556,4556,false,true
vw_038,vid_ch_s05_2,2640,2640,false,true
vw_038,vid_ch_s03_0,18000,,true,true
vw_038,vid_ch_pix_1,12000,,true,true
vw_038,vid_ch_pix_2,15000,,true,true
vw_038,vid_ch_s12_1,11395,11395,false,true
vw_038,vid_ch_s13_1,15000,,true,true
vw_038,vid_ch_s17_0,5875,5875,false,true
vw_038,vid_ch_s04_1,9274,9274,false,true
vw_038,vid_ch_vera_1,3391,3391,false,true
vw_038,vid_ch_s21_0,9000,9000,false,true
vw_038,vid_ch_ray_1,12000,,true,true
vw_038,vid_ch_juno_0,12000,,true,true
vw_039,vid_ch_pix_2,6875,6875,false,true
vw_039,vid_ch_s21_2,8963,8963,false,true
vw_039,vid_ch_nova_1,12000,,true,true
vw_039,vid_ch_s02_0,3335,3335,false,true
vw_039,vid_ch_s03_1,5820,5820,false,true
vw_039,vid_ch_s18_1,7829,7829,false,true
vw_039,vid_ch_s19_0,2042,2042,false,true
vw_039,vid_ch_s09_0,12000,,true,true
vw_039,vid_ch_s19_1,2149,2149,false,true
vw_039,vid_ch_s11_2,7830,7830,false,true
vw_039,vid_ch_ray_1,7367,7367,false,true
vw_039,vid_ch_aki_2,12000,,true,true
vw_039,vid_ch_s06_1,15000,,true,true
vw_039,vid_ch_s03_0,18000,,true,true
vw_039,vid_ch_s00_0,12000,,true,true
vw_039,vid_ch_pix_0,18000,,true,true
vw_039,vid_ch_s20_1,8103,8103,false,true
vw_039,vid_ch_s06_2,12000,,true,true
vw_040,vid_ch_pix_0,3239,3239,false,true
vw_040,vid_ch_s04_0,15000,,true,true
vw_040,vid_ch_s01_2,18000,,true,true
vw_040,vid_ch_juno_0,5515,5515,false,true
vw_040,vid_ch_kai_0,3090,3090,false,true
vw_040,vid_ch_s13_0,15000,,true,true
vw_040,vid_ch_mei_0,3392,3392,false,true
vw_040,vid_ch_s08_1,3409,3409,false,true
vw_040,vid_ch_s20_1,8641,8641,false,true
vw_040,vid_ch_s08_2,3296,3296,false,true
vw_040,vid_ch_aki_1,4218,4218,false,true
vw_040,vid_ch_s16_1,15000,,true,true
vw_040,vid_ch_nova_1,12000,,true,true
vw_040,vid_ch_s02_2,7535,7535,false,true
vw_040,vid_ch_s06_1,7624,7624,false,true
vw_040,vid_ch_s09_0,5523,5523,false,true
vw_041,vid_ch_s02_2,15000,,true,true
vw_041,vid_ch_s20_0,7690,7690,false,true
vw_041,vid_ch_s05_2,15000,,true,true
vw_041,vid_ch_s04_2,3243,3243,false,true
vw_041,vid_ch_s21_1,15000,,true,true
vw_041,vid_ch_s06_0,6447,6447,false,true
vw_041,vid_ch_mei_0,3773,3773,false,true
vw_041,vid_ch_pix_2,15000,,true,true
vw_041,vid_ch_s00_0,3962,3962,false,true
vw_041,vid_ch_aki_1,4582,4582,false,true
vw_041,vid_ch_s07_0,6276,6276,false,true
vw_041,vid_ch_s08_2,15000,,true,true
vw_041,vid_ch_pix_0,18000,,true,true
vw_041,vid_ch_kai_0,3885,3885,false,true
vw_041,vid_ch_s19_1,5651,5651,false,true
vw_041,vid_ch_s11_1,18000,,true,true
vw_041,vid_ch_s08_0,15000,,true,true
vw_041,vid_ch_s06_2,3108,3108,false,true
vw_041,vid_ch_s06_1,7344,7344,false,true
vw_041,vid_ch_s03_1,1841,1841,false,true
vw_042,vid_ch_s11_2,3137,3137,false,true
vw_042,vid_ch_s12_3,9000,,true,true
vw_042,vid_ch_s09_1,15000,,true,true
vw_042,vid_ch_s01_2,11251,11251,false,true
vw_042,vid_ch_s07_1,11469,11469,false,true
vw_042,vid_ch_kai_0,12000,,true,true
vw_042,vid_ch_s02_1,3114,3114,false,true
vw_042,vid_ch_pix_2,6246,6246,false,true
vw_042,vid_ch_s18_1,4052,4052,false,true
vw_042,vid_ch_s05_1,3779,3779,false,true
vw_042,vid_ch_s01_1,18000,,true,true
vw_042,vid_ch_s20_1,10057,10057,false,true
vw_042,vid_ch_s19_0,2562,2562,false,true
vw_042,vid_ch_ray_0,5303,5303,false,true
vw_042,vid_ch_s00_0,4783,4783,false,true
vw_043,vid_ch_s06_2,12000,,true,true
vw_043,vid_ch_s19_0,12000,,true,true
vw_043,vid_ch_s00_0,7301,7301,false,true
vw_043,vid_ch_s02_0,4261,4261,false,true
vw_043,vid_ch_s11_2,4894,4894,false,true
vw_043,vid_ch_s18_1,7785,7785,false,true
vw_043,vid_ch_mei_0,3900,3900,false,true
vw_043,vid_ch_s21_0,2784,2784,false,true
vw_043,vid_ch_s08_2,8115,8115,false,true
vw_043,vid_ch_pix_3,3521,3521,false,true
vw_043,vid_ch_s05_0,9000,,true,true
vw_043,vid_ch_s13_1,2638,2638,false,true
vw_043,vid_ch_s07_0,18000,,true,true
vw_043,vid_ch_s20_1,3069,3069,false,true
vw_043,vid_ch_s13_0,15000,,true,true
vw_043,vid_ch_s02_2,15000,,true,true
vw_043,vid_ch_pix_1,12000,,true,true
vw_043,vid_ch_s12_1,4499,4499,false,true
vw_043,vid_ch_s16_0,2216,2216,false,true
vw_043,vid_ch_s04_2,12000,,true,true
vw_043,vid_ch_s06_0,15000,,true,true
vw_043,vid_ch_s21_1,5473,5473,false,true
vw_044,vid_ch_s18_2,4529,4529,false,true
vw_044,vid_ch_aki_2,3761,3761,false,true
vw_044,vid_ch_vera_0,5501,5501,false,true
vw_044,vid_ch_s09_0,12000,,true,true
vw_044,vid_ch_nova_0,18000,,true,true
vw_044,vid_ch_pix_0,18000,,true,true
vw_044,vid_ch_mei_1,9000,,true,true
vw_044,vid_ch_pix_1,5270,5270,false,true
vw_044,vid_ch_s21_0,4463,4463,false,true
vw_044,vid_ch_ray_1,12000,,true,true
vw_044,vid_ch_s19_0,12000,,true,true
vw_044,vid_ch_s17_1,12000,,true,true
vw_044,vid_ch_mei_0,3826,3826,false,true
vw_044,vid_ch_s10_1,4840,4840,false,true
vw_045,vid_ch_s20_1,18000,,true,true
vw_045,vid_ch_mei_1,5479,5479,false,true
vw_045,vid_ch_s18_0,2612,2612,false,true
vw_045,vid_ch_s05_0,9000,,true,true
vw_045,vid_ch_s14_1,8522,8522,false,true
vw_045,vid_ch_s20_2,2646,2646,false,true
vw_045,vid_ch_s14_0,6855,6855,false,true
vw_045,vid_ch_s11_2,4862,4862,false,true
vw_045,vid_ch_s01_1,18000,,true,true
vw_045,vid_ch_s19_2,8327,8327,false,true
vw_045,vid_ch_s20_0,3880,3880,false,true
vw_045,vid_ch_s00_1,15000,,true,true
vw_046,vid_ch_s02_2,15000,,true,true
vw_046,vid_ch_mei_0,3347,3347,false,true
vw_046,vid_ch_s04_2,12000,,true,true
vw_046,vid_ch_s19_1,12000,,true,true
vw_046,vid_ch_s05_1,2538,2538,false,true
vw_046,vid_ch_s03_1,3271,3271,false,true
vw_046,vid_ch_s05_2,2620,2620,false,true
vw_046,vid_ch_aki_3,5482,5482,false,true
vw_046,vid_ch_s19_0,12000,,true,true
vw_046,vid_ch_s18_2,5098,5098,false,true
vw_046,vid_ch_aki_0,3002,3002,false,true
vw_046,vid_ch_s12_3,9000,,true,true
vw_046,vid_ch_s21_0,2727,2727,false,true
vw_046,vid_ch_s06_2,6114,6114,false,true
vw_046,vid_ch_s17_1,12000,,true,true
vw_046,vid_ch_s14_0,18000,,true,true
vw_046,vid_ch_s18_0,9680,9680,false,true
vw_046,vid_ch_s00_1,9129,9129,false,true
vw_047,vid_ch_s20_2,12000,,true,true
vw_047,vid_ch_s07_1,6857,6857,false,true
vw_047,vid_ch_mei_1,4125,4125,false,true
vw_047,vid_ch_mei_0,3884,3884,false,true
vw_047,vid_ch_pix_1,12000,,true,true
vw_047,vid_ch_s19_1,6448,6448,false,true
vw_047,vid_ch_vera_1,6791,6791,false,true
vw_047,vid_ch_s01_2,11696,11696,false,true
vw_047,vid_ch_s19_0,2263,2263,false,true
vw_047,vid_ch_juno_0,12000,,true,true
vw_047,vid_ch_s10_1,7621,7621,false,true
vw_047,vid_ch_s10_0,4823,4823,false,true
vw_047,vid_ch_aki_3,15000,,true,true
vw_047,vid_ch_s14_1,9305,9305,false,true
vw_048,vid_ch_s05_1,4285,4285,false,true
vw_048,vid_ch_aki_2,12000,,true,true
vw_048,vid_ch_s15_0,12000,,true,true
vw_048,vid_ch_pix_3,3556,3556,false,true
vw_048,vid_ch_s10_0,18000,,true,true
vw_048,vid_ch_s12_3,9000,,true,true
vw_048,vid_ch_s01_2,8556,8556,false,true
vw_048,vid_ch_aki_3,15000,,true,true
vw_048,vid_ch_s04_2,12000,,true,true
vw_048,vid_ch_s01_3,7772,7772,false,true
vw_048,vid_ch_s05_0,5143,5143,false,true
vw_048,vid_ch_s07_1,10239,10239,false,true
vw_048,vid_ch_s01_1,6158,6158,false,true
vw_048,vid_ch_pix_2,7062,7062,false,true
vw_048,vid_ch_kai_0,12000,,true,true
vw_048,vid_ch_s20_0,18000,,true,true
vw_048,vid_ch_s08_1,7041,7041,false,true
vw_048,vid_ch_s11_3,2878,2878,false,true
vw_048,vid_ch_s12_2,3043,3043,false,true
vw_048,vid_ch_s19_2,9439,9439,false,true
vw_048,vid_ch_s02_2,7412,7412,false,true
vw_048,vid_ch_s02_0,5386,5386,false,true
vw_049,vid_ch_s02_2,9125,9125,false,true
vw_049,vid_ch_s20_0,18000,,true,true
vw_049,vid_ch_s01_0,3175,3175,false,true
vw_049,vid_ch_s21_2,15000,,true,true
vw_049,vid_ch_s19_0,12000,,true,true
vw_049,vid_ch_s10_0,18000,,true,true
vw_049,vid_ch_s00_0,4833,4833,false,true
vw_049,vid_ch_s08_0,5374,5374,false,true
vw_049,vid_ch_s01_2,18000,,true,true
vw_049,vid_ch_pix_3,5521,5521,false,true
vw_049,vid_ch_s12_2,9077,9077,false,true
vw_049,vid_ch_s12_1,9776,9776,false,true
vw_049,vid_ch_s21_1,8013,8013,false,true
vw_050,vid_ch_ray_0,5562,5562,false,true
vw_050,vid_ch_aki_2,6589,6589,false,true
vw_050,vid_ch_s15_1,4658,4658,false,true
vw_050,vid_ch_s12_1,10898,10898,false,true
vw_050,vid_ch_s18_1,6978,6978,false,true
vw_050,vid_ch_s09_1,7439,7439,false,true
vw_050,vid_ch_s14_1,18000,,true,true
vw_050,vid_ch_s12_3,4534,4534,false,true
vw_050,vid_ch_s02_0,12000,,true,true
vw_050,vid_ch_s20_0,18000,,true,true
vw_050,vid_ch_s08_0,5220,5220,false,true
vw_050,vid_ch_s01_0,4024,4024,false,true
vw_051,vid_ch_nova_1,7218,7218,false,true
vw_051,vid_ch_s14_1,18000,,true,true
vw_051,vid_ch_pix_0,11044,11044,false,true
vw_051,vid_ch_ray_0,3574,3574,false,true
vw_051,vid_ch_s20_1,6735,6735,false,true
vw_051,vid_ch_s06_0,5188,5188,false,true
vw_051,vid_ch_s01_0,18000,,true,true
vw_051,vid_ch_s02_1,4774,4774,false,true
vw_051,vid_ch_s03_0,18000,,true,true
vw_051,vid_ch_s00_0,12000,,true,true
vw_051,vid_ch_s05_1,2551,2551,false,true
vw_051,vid_ch_s08_1,7491,7491,false,true
vw_052,vid_ch_s16_2,7203,7203,false,true
vw_052,vid_ch_s10_1,4501,4501,false,true
vw_052,vid_ch_s08_2,8937,8937,false,true
vw_052,vid_ch_aki_3,2671,2671,false,true
vw_052,vid_ch_s11_0,4371,4371,false,true
vw_052,vid_ch_juno_1,9000,,true,true
vw_052,vid_ch_pix_1,2312,2312,false,true
vw_052,vid_ch_s03_1,4042,4042,false,true
vw_052,vid_ch_s07_1,18000,,true,true
vw_052,vid_ch_s01_0,5813,5813,false,true
vw_052,vid_ch_s09_0,12000,,true,true
vw_052,vid_ch_s06_0,15000,,true,true
vw_052,vid_ch_s04_0,2743,2743,false,true
vw_052,vid_ch_aki_2,6042,6042,false,true
vw_052,vid_ch_s01_3,12000,,true,true
vw_052,vid_ch_kai_2,5288,5288,false,true
vw_052,vid_ch_vera_0,12000,,true,true
vw_052,vid_ch_s12_2,10917,10917,false,true
vw_052,vid_ch_s08_1,4689,4689,false,true
vw_052,vid_ch_s19_1,4965,4965,false,true
vw_053,vid_ch_nova_0,4221,4221,false,true
vw_053,vid_ch_s07_1,8070,8070,false,true
vw_053,vid_ch_s02_0,12000,,true,true
vw_053,vid_ch_s06_2,2759,2759,false,true
vw_053,vid_ch_s07_0,3194,3194,false,true
vw_053,vid_ch_s10_1,5448,5448,false,true
vw_053,vid_ch_s09_1,8674,8674,false,true
vw_053,vid_ch_s18_2,6938,6938,false,true
vw_053,vid_ch_s01_3,3896,3896,false,true
vw_053,vid_ch_s06_1,3953,3953,false,true
vw_053,vid_ch_s19_3,9000,,true,true
vw_053,vid_ch_mei_0,9000,,true,true
vw_053,vid_ch_s06_0,9480,9480,false,true
vw_053,vid_ch_s01_0,5642,5642,false,true
vw_053,vid_ch_pix_3,9000,,true,true
vw_053,vid_ch_kai_0,4456,4456,false,true
vw_053,vid_ch_s14_1,18000,,true,true
vw_053,vid_ch_s05_0,4350,4350,false,true
vw_053,vid_ch_ray_1,12000,,true,true
vw_053,vid_ch_s04_0,15000,,true,true
vw_053,vid_ch_s13_0,5337,5337,false,true
vw_053,vid_ch_s15_0,2810,2810,false,true
vw_053,vid_ch_pix_0,5742,5742,false,true
vw_053,vid_ch_s03_1,5339,5339,false,true
vw_053,vid_ch_vera_0,2173,2173,false,true
vw_054,vid_ch_s01_3,12000,,true,true
vw_054,vid_ch_s04_1,10107,10107,false,true
vw_054,vid_ch_s14_0,18000,,true,true
vw_054,vid_ch_s10_0,11593,11593,false,true
vw_054,vid_ch_s01_1,9412,9412,false,true
vw_054,vid_ch_mei_0,9000,,true,true
vw_054,vid_ch_aki_2,12000,,true,true
vw_054,vid_ch_s11_3,2258,2258,false,true
vw_054,vid_ch_s13_0,2434,2434,false,true
vw_054,vid_ch_s03_0,18000,,true,true
vw_054,vid_ch_s11_2,5249,5249,false,true
vw_054,vid_ch_vera_0,12000,,true,true
vw_054,vid_ch_s00_1,9064,9064,false,true
vw_054,vid_ch_kai_0,3873,3873,false,true
vw_054,vid_ch_s00_0,12000,,true,true
vw_054,vid_ch_s17_0,7648,7648,false,true
vw_054,vid_ch_juno_0,5887,5887,false,true
vw_054,vid_ch_aki_0,1763,1763,false,true
vw_054,vid_ch_aki_1,12000,,true,true
vw_054,vid_ch_s21_2,2749,2749,false,true
vw_054,vid_ch_s13_1,5164,5164,false,true
vw_054,vid_ch_s16_0,7372,7372,false,true
vw_054,vid_ch_s20_0,11295,11295,false,true
vw_054,vid_ch_s05_0,5039,5039,false,true
vw_054,vid_ch_s06_2,12000,,true,true
vw_055,vid_ch_s10_1,12000,,true,true
vw_055,vid_ch_s11_0,9000,,true,true
vw_055,vid_ch_s11_2,8408,8408,false,true
vw_055,vid_ch_vera_0,12000,,true,true
vw_055,vid_ch_s07_0,18000,,true,true
vw_055,vid_ch_s18_2,12000,,true,true
vw_055,vid_ch_s16_2,6268,6268,false,true
vw_055,vid_ch_aki_0,3168,3168,false,true
vw_055,vid_ch_kai_0,7515,7515,false,true
vw_055,vid_ch_s13_0,6624,6624,false,true
vw_055,vid_ch_s02_0,5970,5970,false,true
vw_055,vid_ch_s21_1,4263,4263,false,true
vw_055,vid_ch_s18_0,2252,2252,false,true
vw_055,vid_ch_s03_0,18000,,true,true
vw_055,vid_ch_vera_1,5010,5010,false,true
vw_055,vid_ch_s03_1,9000,,true,true
vw_055,vid_ch_s19_0,12000,,true,true
vw_055,vid_ch_s20_2,6606,6606,false,true
vw_055,vid_ch_s21_2,15000,,true,true
vw_055,vid_ch_s08_0,15000,,true,true
vw_055,vid_ch_s17_1,12000,,true,true
vw_055,vid_ch_s20_0,7105,7105,false,true
vw_055,vid_ch_pix_2,6647,6647,false,true
vw_055,vid_ch_s04_2,12000,,true,true
vw_055,vid_ch_s06_2,7618,7618,false,true
vw_056,vid_ch_pix_3,5399,5399,false,true
vw_056,vid_ch_s15_0,1881,1881,false,true
vw_056,vid_ch_s12_2,18000,,true,true
vw_056,vid_ch_s20_0,18000,,true,true
vw_056,vid_ch_s01_3,3005,3005,false,true
vw_056,vid_ch_s02_0,3459,3459,false,true
vw_056,vid_ch_s11_1,7563,7563,false,true
vw_056,vid_ch_kai_2,9000,,true,true
vw_056,vid_ch_pix_2,15000,,true,true
vw_056,vid_ch_s10_0,5220,5220,false,true
vw_056,vid_ch_s11_3,12000,,true,true
vw_056,vid_ch_vera_0,2624,2624,false,true
vw_056,vid_ch_kai_1,7568,7568,false,true
vw_056,vid_ch_s06_1,15000,,true,true
vw_057,vid_ch_nova_1,7762,7762,false,true
vw_057,vid_ch_s12_0,9000,,true,true
vw_057,vid_ch_s18_0,15000,,true,true
vw_057,vid_ch_pix_2,5051,5051,false,true
vw_057,vid_ch_s16_1,15000,,true,true
vw_057,vid_ch_s07_1,3572,3572,false,true
vw_057,vid_ch_s06_2,7733,7733,false,true
vw_057,vid_ch_s04_1,4481,4481,false,true
vw_057,vid_ch_s03_1,9000,,true,true
vw_057,vid_ch_vera_1,3146,3146,false,true
vw_057,vid_ch_s01_3,12000,,true,true
vw_057,vid_ch_s02_1,4610,4610,false,true
vw_057,vid_ch_s04_0,15000,,true,true
vw_057,vid_ch_s11_1,7898,7898,false,true
vw_057,vid_ch_s03_0,18000,,true,true
vw_057,vid_ch_s01_1,18000,,true,true
vw_057,vid_ch_s21_2,4798,4798,false,true
vw_057,vid_ch_s06_1,5936,5936,false,true
vw_057,vid_ch_s12_3,9000,,true,true
vw_057,vid_ch_mei_0,9000,,true,true
vw_057,vid_ch_kai_0,3204,3204,false,true
vw_057,vid_ch_s02_0,7103,7103,false,true
vw_057,vid_ch_pix_0,9730,9730,false,true
vw_058,vid_ch_s04_0,3563,3563,false,true
vw_058,vid_ch_pix_1,12000,,true,true
vw_058,vid_ch_s20_2,12000,,true,true
vw_058,vid_ch_s12_2,18000,,true,true
vw_058,vid_ch_s00_0,6134,6134,false,true
vw_058,vid_ch_s18_1,3877,3877,false,true
vw_058,vid_ch_s16_2,11301,11301,false,true
vw_058,vid_ch_s11_0,9000,,true,true
vw_058,vid_ch_s05_1,6075,6075,false,true
vw_058,vid_ch_s12_0,2012,2012,false,true
vw_058,vid_ch_s19_2,18000,,true,true
vw_058,vid_ch_s16_1,8199,8199,false,true
vw_058,vid_ch_s17_0,6701,6701,false,true
vw_059,vid_ch_s11_0,5171,5171,false,true
vw_059,vid_ch_s19_3,4207,4207,false,true
vw_059,vid_ch_s08_0,15000,,true,true
vw_059,vid_ch_aki_2,4497,4497,false,true
vw_059,vid_ch_s09_1,6978,6978,false,true
vw_059,vid_ch_s02_1,9000,,true,true
vw_059,vid_ch_aki_3,4481,4481,false,true
vw_059,vid_ch_s19_0,6479,6479,false,true
vw_059,vid_ch_s06_2,1996,1996,false,true
vw_059,vid_ch_s01_3,4929,4929,false,true
vw_059,vid_ch_s12_2,18000,,true,true
vw_059,vid_ch_juno_0,4367,4367,false,true
vw_059,vid_ch_s20_0,18000,,true,true
vw_060,vid_ch_s17_1,5011,5011,false,true
vw_060,vid_ch_s03_1,9000,,true,true
vw_060,vid_ch_s02_1,2518,2518,false,true
vw_060,vid_ch_pix_2,7524,7524,false,true
vw_060,vid_ch_s16_1,3803,3803,false,true
vw_060,vid_ch_kai_1,15000,,true,true
vw_060,vid_ch_s01_0,18000,,true,true
vw_060,vid_ch_juno_0,6039,6039,false,true
vw_060,vid_ch_s12_2,6738,6738,false,true
vw_060,vid_ch_s18_0,15000,,true,true
vw_060,vid_ch_s04_1,8588,8588,false,true
vw_060,vid_ch_s11_0,4758,4758,false,true
vw_060,vid_ch_s14_1,7384,7384,false,true
vw_060,vid_ch_s07_1,5327,5327,false,true
vw_060,vid_ch_s08_1,15000,,true,true
vw_060,vid_ch_s13_1,5900,5900,false,true
vw_060,vid_ch_ray_1,3092,3092,false,true
vw_060,vid_ch_s19_1,2806,2806,false,true
vw_060,vid_ch_s13_0,7113,7113,false,true
vw_060,vid_ch_s21_1,2445,2445,false,true
vw_060,vid_ch_s12_1,18000,,true,true
vw_060,vid_ch_s12_0,9000,,true,true
vw_060,vid_ch_s00_1,15000,,true,true
vw_061,vid_ch_s08_2,15000,,true,true
vw_061,vid_ch_aki_2,5199,5199,false,true
vw_061,vid_ch_s17_1,4295,4295,false,true
vw_061,vid_ch_s20_0,6120,6120,false,true
vw_061,vid_ch_s01_3,12000,,true,true
vw_061,vid_ch_juno_0,6915,6915,false,true
vw_061,vid_ch_s07_0,18000,,true,true
vw_061,vid_ch_s04_2,12000,,true,true
vw_061,vid_ch_s00_1,4847,4847,false,true
vw_061,vid_ch_s05_2,6021,6021,false,true
vw_061,vid_ch_s06_2,5499,5499,false,true
vw_061,vid_ch_s13_1,7748,7748,false,true
vw_061,vid_ch_s12_3,2769,2769,false,true
vw_061,vid_ch_s10_0,5394,5394,false,true
vw_061,vid_ch_mei_1,3926,3926,false,true
vw_061,vid_ch_s20_2,3223,3223,false,true
vw_061,vid_ch_s16_2,8775,8775,false,true
vw_061,vid_ch_kai_0,2725,2725,false,true
vw_061,vid_ch_s19_0,6964,6964,false,true
vw_061,vid_ch_s21_0,7212,7212,false,true
vw_061,vid_ch_s16_1,15000,,true,true
vw_061,vid_ch_s01_1,18000,,true,true
vw_061,vid_ch_s18_2,2449,2449,false,true
vw_062,vid_ch_s04_0,4205,4205,false,true
vw_062,vid_ch_mei_1,3559,3559,false,true
vw_062,vid_ch_s17_1,12000,,true,true
vw_062,vid_ch_s12_3,2293,2293,false,true
vw_062,vid_ch_s15_1,6327,6327,false,true
vw_062,vid_ch_kai_0,6272,6272,false,true
vw_062,vid_ch_s09_0,7369,7369,false,true
vw_062,vid_ch_ray_1,12000,,true,true
vw_062,vid_ch_s05_1,2022,2022,false,true
vw_062,vid_ch_pix_2,15000,,true,true
vw_062,vid_ch_s03_1,1646,1646,false,true
vw_062,vid_ch_s09_1,15000,,true,true
vw_062,vid_ch_aki_1,7397,7397,false,true
vw_063,vid_ch_vera_0,3546,3546,false,true
vw_063,vid_ch_s19_3,4245,4245,false,true
vw_063,vid_ch_s03_0,5988,5988,false,true
vw_063,vid_ch_s12_2,4522,4522,false,true
vw_063,vid_ch_aki_3,15000,,true,true
vw_063,vid_ch_s17_0,12000,,true,true
vw_063,vid_ch_s18_0,4474,4474,false,true
vw_063,vid_ch_vera_1,9610,9610,false,true
vw_063,vid_ch_s21_2,5471,5471,false,true
vw_063,vid_ch_s06_1,6666,6666,false,true
vw_063,vid_ch_s14_1,18000,,true,true
vw_063,vid_ch_s00_1,5398,5398,false,true
vw_063,vid_ch_s07_0,5249,5249,false,true
vw_063,vid_ch_s08_1,8123,8123,false,true
vw_063,vid_ch_s01_2,6376,6376,false,true
vw_063,vid_ch_s03_1,9000,,true,true
vw_063,vid_ch_pix_0,18000,,true,true
vw_063,vid_ch_s05_2,8613,8613,false,true
vw_063,vid_ch_s15_1,4938,4938,false,true
vw_064,vid_ch_s13_0,15000,,true,true
vw_064,vid_ch_s16_1,3807,3807,false,true
vw_064,vid_ch_nova_0,11291,11291,false,true
vw_064,vid_ch_s01_3,12000,,true,true
vw_064,vid_ch_s20_0,3405,3405,false,true
vw_064,vid_ch_s08_2,3921,3921,false,true
vw_064,vid_ch_s16_0,3676,3676,false,true
vw_064,vid_ch_pix_0,7852,7852,false,true
vw_064,vid_ch_s16_2,18000,,true,true
vw_064,vid_ch_kai_0,1986,1986,false,true
vw_064,vid_ch_s04_1,18000,,true,true
vw_064,vid_ch_aki_3,8661,8661,false,true
vw_064,vid_ch_s19_3,9000,,true,true
vw_064,vid_ch_s18_1,3833,3833,false,true
vw_064,vid_ch_pix_3,9000,,true,true
vw_064,vid_ch_s20_2,12000,,true,true
vw_064,vid_ch_s20_1,4422,4422,false,true
vw_064,vid_ch_s00_1,4499,4499,false,true
vw_064,vid_ch_s21_1,4154,4154,false,true
vw_064,vid_ch_s12_0,4849,4849,false,true
vw_065,vid_ch_s10_1,4690,4690,false,true
vw_065,vid_ch_s14_0,18000,,true,true
vw_065,vid_ch_mei_0,5661,5661,false,true
vw_065,vid_ch_s13_1,5374,5374,false,true
vw_065,vid_ch_kai_0,12000,,true,true
vw_065,vid_ch_nova_1,12000,,true,true
vw_065,vid_ch_s05_2,15000,,true,true
vw_065,vid_ch_s20_2,4470,4470,false,true
vw_065,vid_ch_nova_0,18000,,true,true
vw_065,vid_ch_s12_3,2224,2224,false,true
vw_065,vid_ch_s16_1,15000,,true,true
vw_065,vid_ch_s21_1,3491,3491,false,true
vw_065,vid_ch_kai_1,8966,8966,false,true
vw_065,vid_ch_s01_1,18000,,true,true
vw_065,vid_ch_s21_2,6051,6051,false,true
vw_065,vid_ch_s07_1,11395,11395,false,true
vw_065,vid_ch_juno_0,5166,5166,false,true
vw_065,vid_ch_s17_1,2018,2018,false,true
vw_065,vid_ch_s12_0,3728,3728,false,true
vw_065,vid_ch_s15_1,4717,4717,false,true
vw_065,vid_ch_s11_0,9000,,true,true
vw_065,vid_ch_s15_0,2798,2798,false,true
vw_065,vid_ch_pix_1,12000,,true,true
vw_065,vid_ch_aki_3,3155,3155,false,true
vw_066,vid_ch_s01_3,5481,5481,false,true
vw_066,vid_ch_s17_0,12000,,true,true
vw_066,vid_ch_s18_1,9789,9789,false,true
vw_066,vid_ch_aki_2,3458,3458,false,true
vw_066,vid_ch_s20_0,4684,4684,false,true
vw_066,vid_ch_s18_2,12000,,true,true
vw_066,vid_ch_kai_1,5060,5060,false,true
vw_066,vid_ch_pix_0,11174,11174,false,true
vw_066,vid_ch_s06_1,15000,,true,true
vw_066,vid_ch_s01_0,18000,,true,true
vw_066,vid_ch_s14_0,18000,,true,true
vw_066,vid_ch_s08_0,4051,4051,false,true
vw_066,vid_ch_s02_0,4112,4112,false,true
vw_066,vid_ch_s18_0,15000,,true,true
vw_066,vid_ch_s21_0,15000,,true,true
vw_066,vid_ch_s19_1,4859,4859,false,true
vw_066,vid_ch_s02_2,3560,3560,false,true
vw_067,vid_ch_s05_1,12000,,true,true
vw_067,vid_ch_s04_0,5782,5782,false,true
vw_067,vid_ch_s02_2,6655,6655,false,true
vw_067,vid_ch_s21_2,15000,,true,true
vw_067,vid_ch_s14_1,7630,7630,false,true
vw_067,vid_ch_s02_0,12000,,true,true
vw_067,vid_ch_s15_0,2251,2251,false,true
vw_067,vid_ch_s16_0,1907,1907,false,true
vw_067,vid_ch_s16_1,2459,2459,false,true
vw_067,vid_ch_s16_2,18000,,true,true
vw_067,vid_ch_juno_1,1407,1407,false,true
vw_067,vid_ch_s01_2,6223,6223,false,true
vw_067,vid_ch_s00_1,8326,8326,false,true
vw_067,vid_ch_s11_3,3512,3512,false,true
vw_067,vid_ch_s07_1,18000,,true,true
vw_067,vid_ch_kai_1,9500,9500,false,true
vw_067,vid_ch_s01_3,12000,,true,true
vw_067,vid_ch_s04_2,6079,6079,false,true
vw_068,vid_ch_s03_1,2369,2369,false,true
vw_068,vid_ch_s03_0,9074,9074,false,true
vw_068,vid_ch_s21_0,6340,6340,false,true
vw_068,vid_ch_s07_1,9626,9626,false,true
vw_068,vid_ch_s21_2,8734,8734,false,true
vw_068,vid_ch_s12_3,5297,5297,false,true
vw_068,vid_ch_s01_0,6248,6248,false,true
vw_068,vid_ch_s19_2,10961,10961,false,true
vw_068,vid_ch_s02_2,15000,,true,true
vw_068,vid_ch_s01_1,8625,8625,false,true
vw_068,vid_ch_s05_0,4738,4738,false,true
vw_068,vid_ch_kai_2,5274,5274,false,true
vw_068,vid_ch_s20_2,12000,,true,true
vw_068,vid_ch_vera_1,2524,2524,false,true
vw_068,vid_ch_aki_3,6500,6500,false,true
vw_068,vid_ch_juno_1,4979,4979,false,true
vw_068,vid_ch_s14_0,18000,,true,true
vw_068,vid_ch_s02_1,9000,,true,true
vw_068,vid_ch_s09_0,5847,5847,false,true
vw_068,vid_ch_ray_1,4017,4017,false,true
vw_069,vid_ch_s21_0,15000,,true,true
vw_069,vid_ch_s04_1,18000,,true,true
vw_069,vid_ch_aki_3,15000,,true,true
vw_069,vid_ch_s14_0,4761,4761,false,true
vw_069,vid_ch_s05_0,9000,,true,true
vw_069,vid_ch_s20_1,18000,,true,true
vw_069,vid_ch_s16_0,12000,,true,true
vw_069,vid_ch_s13_0,7703,7703,false,true
vw_069,vid_ch_kai_1,15000,,true,true
vw_069,vid_ch_pix_2,8072,8072,false,true
vw_069,vid_ch_s11_2,9807,9807,false,true
vw_069,vid_ch_s02_2,15000,,true,true
vw_069,vid_ch_s09_1,7870,7870,false,true
vw_069,vid_ch_s01_1,10312,10312,false,true
vw_069,vid_ch_s06_1,15000,,true,true
vw_069,vid_ch_pix_3,5577,5577,false,true
vw_069,vid_ch_s07_1,6008,6008,false,true
vw_069,vid_ch_s06_0,15000,,true,true
vw_069,vid_ch_juno_1,9000,,true,true
vw_069,vid_ch_s21_2,2853,2853,false,true
vw_069,vid_ch_s19_3,4829,4829,false,true
vw_069,vid_ch_s15_1,18000,,true,true
vw_069,vid_ch_s00_1,15000,,true,true
vw_070,vid_ch_s18_2,2028,2028,false,true
vw_070,vid_ch_s05_1,12000,,true,true
vw_070,vid_ch_s08_0,3785,3785,false,true
vw_070,vid_ch_s11_3,12000,,true,true
vw_070,vid_ch_s20_2,2562,2562,false,true
vw_070,vid_ch_s19_3,2549,2549,false,true
vw_070,vid_ch_s21_1,9439,9439,false,true
vw_070,vid_ch_s21_2,15000,,true,true
vw_070,vid_ch_s04_1,18000,,true,true
vw_070,vid_ch_mei_0,4198,4198,false,true
vw_070,vid_ch_s20_1,4114,4114,false,true
vw_070,vid_ch_s05_2,8998,8998,false,true
vw_070,vid_ch_s17_1,4976,4976,false,true
vw_070,vid_ch_s02_1,1571,1571,false,true
vw_070,vid_ch_s10_0,18000,,true,true
vw_070,vid_ch_s16_1,15000,,true,true
vw_070,vid_ch_pix_2,15000,,true,true
vw_070,vid_ch_s18_1,8817,8817,false,true
vw_070,vid_ch_s09_0,5620,5620,false,true
vw_070,vid_ch_s11_1,2706,2706,false,true
vw_070,vid_ch_s06_0,15000,,true,true
vw_070,vid_ch_juno_0,3943,3943,false,true
vw_070,vid_ch_s14_1,10716,10716,false,true
vw_071,vid_ch_s16_2,7574,7574,false,true
vw_071,vid_ch_s19_0,4972,4972,false,true
vw_071,vid_ch_s01_0,10897,10897,false,true
vw_071,vid_ch_s07_1,10281,10281,false,true
vw_071,vid_ch_pix_2,3883,3883,false,true
vw_071,vid_ch_s20_0,18000,,true,true
vw_071,vid_ch_aki_1,5150,5150,false,true
vw_071,vid_ch_s17_1,12000,,true,true
vw_071,vid_ch_s05_0,9000,,true,true
vw_071,vid_ch_s01_2,8735,8735,false,true
vw_071,vid_ch_s03_1,3974,3974,false,true
vw_071,vid_ch_s15_1,5432,5432,false,true
vw_071,vid_ch_s18_2,5671,5671,false,true
vw_071,vid_ch_s06_1,8205,8205,false,true
vw_072,vid_ch_s05_0,2694,2694,false,true
vw_072,vid_ch_s02_2,9191,9191,false,true
vw_072,vid_ch_s19_3,3537,3537,false,true
vw_072,vid_ch_ray_0,11146,11146,false,true
vw_072,vid_ch_s10_1,12000,,true,true
vw_072,vid_ch_s16_1,15000,,true,true
vw_072,vid_ch_s12_0,9000,,true,true
vw_072,vid_ch_s08_1,7358,7358,false,true
vw_072,vid_ch_aki_1,12000,,true,true
vw_072,vid_ch_s21_2,6279,6279,false,true
vw_072,vid_ch_s13_1,15000,,true,true
vw_072,vid_ch_juno_0,3738,3738,false,true
vw_072,vid_ch_s01_2,3039,3039,false,true
vw_072,vid_ch_s20_0,6249,6249,false,true
vw_072,vid_ch_vera_1,7427,7427,false,true
vw_072,vid_ch_s02_0,3431,3431,false,true
vw_072,vid_ch_s16_0,12000,,true,true
vw_072,vid_ch_s09_1,15000,,true,true
vw_072,vid_ch_s11_3,3219,3219,false,true
vw_072,vid_ch_s07_0,10744,10744,false,true
vw_073,vid_ch_s15_1,18000,,true,true
vw_073,vid_ch_s20_2,6150,6150,false,true
vw_073,vid_ch_s10_1,7554,7554,false,true
vw_073,vid_ch_s09_1,4180,4180,false,true
vw_073,vid_ch_s16_0,12000,,true,true
vw_073,vid_ch_s11_2,8731,8731,false,true
vw_073,vid_ch_kai_2,9000,,true,true
vw_073,vid_ch_s03_1,9000,,true,true
vw_073,vid_ch_juno_1,3412,3412,false,true
vw_073,vid_ch_s01_0,18000,,true,true
vw_073,vid_ch_s06_2,12000,,true,true
vw_073,vid_ch_s07_1,18000,,true,true
vw_073,vid_ch_ray_0,18000,,true,true
vw_073,vid_ch_aki_1,5406,5406,false,true
vw_073,vid_ch_s16_1,15000,,true,true
vw_073,vid_ch_s04_0,4270,4270,false,true
vw_073,vid_ch_s16_2,3523,3523,false,true
vw_074,vid_ch_s14_0,6672,6672,false,true
vw_074,vid_ch_ray_1,6555,6555,false,true
vw_074,vid_ch_vera_0,4261,4261,false,true
vw_074,vid_ch_s15_0,5859,5859,false,true
vw_074,vid_ch_s06_1,8170,8170,false,true
vw_074,vid_ch_s08_0,15000,,true,true
vw_074,vid_ch_s12_3,5053,5053,false,true
vw_074,vid_ch_s09_0,4993,4993,false,true
vw_074,vid_ch_pix_3,2272,2272,false,true
vw_074,vid_ch_s21_1,15000,,true,true
vw_074,vid_ch_kai_0,3591,3591,false,true
vw_074,vid_ch_juno_0,12000,,true,true
vw_074,vid_ch_kai_2,3277,3277,false,true
vw_074,vid_ch_s16_2,7672,7672,false,true
vw_074,vid_ch_s18_1,11181,11181,false,true
vw_074,vid_ch_s02_0,12000,,true,true
vw_074,vid_ch_s04_2,6093,6093,false,true
vw_074,vid_ch_s19_2,8014,8014,false,true
vw_074,vid_ch_s19_1,3540,3540,false,true
vw_074,vid_ch_s20_1,18000,,true,true
vw_074,vid_ch_s11_1,18000,,true,true
vw_074,vid_ch_s00_1,8745,8745,false,true
vw_074,vid_ch_s10_0,5449,5449,false,true
vw_074,vid_ch_s15_1,7075,7075,false,true
vw_075,vid_ch_s11_1,18000,,true,true
vw_075,vid_ch_s16_1,7142,7142,false,true
vw_075,vid_ch_kai_0,12000,,true,true
vw_075,vid_ch_s07_1,11062,11062,false,true
vw_075,vid_ch_s06_0,7107,7107,false,true
vw_075,vid_ch_vera_0,2795,2795,false,true
vw_075,vid_ch_pix_1,1924,1924,false,true
vw_075,vid_ch_s19_0,7446,7446,false,true
vw_075,vid_ch_kai_1,15000,,true,true
vw_075,vid_ch_s18_1,18000,,true,true
vw_075,vid_ch_s00_0,2130,2130,false,true
vw_075,vid_ch_s11_3,7183,7183,false,true
vw_075,vid_ch_s02_0,3051,3051,false,true
vw_075,vid_ch_mei_1,9000,,true,true
vw_075,vid_ch_s12_2,3392,3392,false,true
vw_076,vid_ch_juno_0,4947,4947,false,true
vw_076,vid_ch_s14_0,5800,5800,false,true
vw_076,vid_ch_s11_0,2874,2874,false,true
vw_076,vid_ch_s10_1,12000,,true,true
vw_076,vid_ch_s01_1,9051,9051,false,true
vw_076,vid_ch_s01_3,12000,,true,true
vw_076,vid_ch_s05_2,7148,7148,false,true
vw_076,vid_ch_s13_1,7007,7007,false,true
vw_076,vid_ch_s16_2,8983,8983,false,true
vw_076,vid_ch_pix_2,5110,5110,false,true
vw_076,vid_ch_juno_1,9000,,true,true
vw_076,vid_ch_s12_0,5176,5176,false,true
vw_076,vid_ch_s08_0,2372,2372,false,true
vw_077,vid_ch_s04_0,9559,9559,false,true
vw_077,vid_ch_s07_0,6622,6622,false,true
vw_077,vid_ch_s12_3,1371,1371,false,true
vw_077,vid_ch_s10_1,4736,4736,false,true
vw_077,vid_ch_aki_3,6561,6561,false,true
vw_077,vid_ch_s16_0,12000,,true,true
vw_077,vid_ch_s03_0,6777,6777,false,true
vw_077,vid_ch_s01_3,2015,2015,false,true
vw_077,vid_ch_s01_2,5729,5729,false,true
vw_077,vid_ch_s16_2,4119,4119,false,true
vw_077,vid_ch_s13_1,3245,3245,false,true
vw_077,vid_ch_nova_0,18000,,true,true
vw_077,vid_ch_s18_2,5186,5186,false,true
vw_077,vid_ch_pix_0,11281,11281,false,true
vw_077,vid_ch_s06_1,7970,7970,false,true
vw_077,vid_ch_s05_1,6613,6613,false,true
vw_077,vid_ch_aki_1,3470,3470,false,true
vw_078,vid_ch_s16_2,10466,10466,false,true
vw_078,vid_ch_s06_0,5956,5956,false,true
vw_078,vid_ch_s00_1,15000,,true,true
vw_078,vid_ch_s14_1,18000,,true,true
vw_078,vid_ch_s11_0,9000,,true,true
vw_078,vid_ch_mei_0,5770,5770,false,true
vw_078,vid_ch_s19_2,3140,3140,false,true
vw_078,vid_ch_kai_0,12000,,true,true
vw_078,vid_ch_s21_2,7229,7229,false,true
vw_078,vid_ch_s10_0,6680,6680,false,true
vw_078,vid_ch_pix_1,1962,1962,false,true
vw_078,vid_ch_s09_1,15000,,true,true
vw_078,vid_ch_s15_1,18000,,true,true
vw_078,vid_ch_aki_0,9000,,true,true
vw_078,vid_ch_vera_1,7257,7257,false,true
vw_078,vid_ch_s06_2,12000,,true,true
vw_078,vid_ch_s21_1,9536,9536,false,true
vw_078,vid_ch_s08_0,3991,3991,false,true
vw_078,vid_ch_s02_1,3829,3829,false,true
vw_078,vid_ch_s12_0,9000,,true,true
vw_078,vid_ch_pix_2,3030,3030,false,true
vw_078,vid_ch_s11_1,9579,9579,false,true
vw_078,vid_ch_aki_2,12000,,true,true
vw_079,vid_ch_mei_0,3338,3338,false,true
vw_079,vid_ch_s06_2,7203,7203,false,true
vw_079,vid_ch_s21_1,7267,7267,false,true
vw_079,vid_ch_aki_2,5537,5537,false,true
vw_079,vid_ch_s20_0,8863,8863,false,true
vw_079,vid_ch_s10_1,12000,,true,true
vw_079,vid_ch_s08_1,6032,6032,false,true
vw_079,vid_ch_s19_0,7142,7142,false,true
vw_079,vid_ch_nova_0,5930,5930,false,true
vw_079,vid_ch_s05_2,8528,8528,false,true
vw_079,vid_ch_s10_0,11426,11426,false,true
vw_079,vid_ch_vera_1,15000,,true,true
vw_079,vid_ch_pix_0,10039,10039,false,true
vw_080,vid_ch_s04_0,15000,,true,true
vw_080,vid_ch_s15_0,4126,4126,false,true
vw_080,vid_ch_s18_1,18000,,true,true
vw_080,vid_ch_s21_1,3604,3604,false,true
vw_080,vid_ch_s09_1,2556,2556,false,true
vw_080,vid_ch_s00_1,2721,2721,false,true
vw_080,vid_ch_vera_1,15000,,true,true
vw_080,vid_ch_s05_2,15000,,true,true
vw_080,vid_ch_s20_0,18000,,true,true
vw_080,vid_ch_s02_2,15000,,true,true
vw_080,vid_ch_s12_3,4743,4743,false,true
vw_080,vid_ch_pix_2,15000,,true,true
vw_080,vid_ch_mei_1,2521,2521,false,true
vw_080,vid_ch_nova_1,12000,,true,true
vw_080,vid_ch_s08_0,15000,,true,true
vw_081,vid_ch_s06_0,15000,,true,true
vw_081,vid_ch_s21_1,15000,,true,true
vw_081,vid_ch_s01_3,3257,3257,false,true
vw_081,vid_ch_s15_1,18000,,true,true
vw_081,vid_ch_juno_0,12000,,true,true
vw_081,vid_ch_s12_3,9000,,true,true
vw_081,vid_ch_s01_0,18000,,true,true
vw_081,vid_ch_s21_2,8527,8527,false,true
vw_081,vid_ch_s16_2,3961,3961,false,true
vw_081,vid_ch_s08_1,15000,,true,true
vw_081,vid_ch_s05_0,5847,5847,false,true
vw_081,vid_ch_s10_0,18000,,true,true
vw_081,vid_ch_s09_0,12000,,true,true
vw_081,vid_ch_s01_2,18000,,true,true
vw_081,vid_ch_s19_3,5142,5142,false,true
vw_081,vid_ch_s10_1,7448,7448,false,true
vw_081,vid_ch_s20_0,6034,6034,false,true
vw_081,vid_ch_s04_2,7621,7621,false,true
vw_081,vid_ch_kai_0,12000,,true,true
vw_081,vid_ch_kai_1,15000,,true,true
vw_081,vid_ch_s19_2,7850,7850,false,true
vw_082,vid_ch_s18_1,6518,6518,false,true
vw_082,vid_ch_juno_0,2676,2676,false,true
vw_082,vid_ch_s02_0,2345,2345,false,true
vw_082,vid_ch_kai_2,1714,1714,false,true
vw_082,vid_ch_s01_0,7425,7425,false,true
vw_082,vid_ch_aki_2,6009,6009,false,true
vw_082,vid_ch_s04_2,6726,6726,false,true
vw_082,vid_ch_s01_1,7595,7595,false,true
vw_082,vid_ch_s05_1,12000,,true,true
vw_082,vid_ch_s07_0,18000,,true,true
vw_082,vid_ch_s11_3,2259,2259,false,true
vw_082,vid_ch_s08_1,9595,9595,false,true
vw_082,vid_ch_s05_0,9000,,true,true
vw_082,vid_ch_juno_1,9000,,true,true
vw_082,vid_ch_aki_0,9000,,true,true
vw_082,vid_ch_s11_0,9000,,true,true
vw_082,vid_ch_pix_2,15000,,true,true
vw_082,vid_ch_s13_0,15000,,true,true
vw_082,vid_ch_s04_1,18000,,true,true
vw_082,vid_ch_s04_0,15000,,true,true
vw_082,vid_ch_s15_1,9904,9904,false,true
vw_083,vid_ch_s16_0,6009,6009,false,true
vw_083,vid_ch_aki_2,3405,3405,false,true
vw_083,vid_ch_s18_1,4770,4770,false,true
vw_083,vid_ch_s02_2,3490,3490,false,true
vw_083,vid_ch_s11_3,12000,,true,true
vw_083,vid_ch_s11_0,9000,,true,true
vw_083,vid_ch_ray_0,7425,7425,false,true
vw_083,vid_ch_s18_2,12000,,true,true
vw_083,vid_ch_s11_1,18000,,true,true
vw_083,vid_ch_s19_3,5235,5235,false,true
vw_083,vid_ch_s21_2,3616,3616,false,true
vw_083,vid_ch_s20_2,12000,,true,true
vw_084,vid_ch_aki_0,9000,,true,true
vw_084,vid_ch_s11_0,4035,4035,false,true
vw_084,vid_ch_s01_3,4610,4610,false,true
vw_084,vid_ch_s21_1,2263,2263,false,true
vw_084,vid_ch_s21_0,3321,3321,false,true
vw_084,vid_ch_s19_2,6006,6006,false,true
vw_084,vid_ch_s14_1,2897,2897,false,true
vw_084,vid_ch_s11_2,6118,6118,false,true
vw_084,vid_ch_vera_1,5408,5408,false,true
vw_084,vid_ch_s20_1,7359,7359,false,true
vw_084,vid_ch_s18_1,18000,,true,true
vw_084,vid_ch_s21_2,6582,6582,false,true
vw_084,vid_ch_s16_0,12000,,true,true
vw_084,vid_ch_s01_0,18000,,true,true
vw_084,vid_ch_juno_0,4588,4588,false,true
vw_084,vid_ch_s04_1,10499,10499,false,true
vw_084,vid_ch_mei_0,9000,,true,true
vw_084,vid_ch_s04_0,5083,5083,false,true
vw_084,vid_ch_mei_1,9000,,true,true
vw_085,vid_ch_s16_0,4124,4124,false,true
vw_085,vid_ch_s04_0,15000,,true,true
vw_085,vid_ch_s01_0,18000,,true,true
vw_085,vid_ch_kai_0,12000,,true,true
vw_085,vid_ch_s19_1,12000,,true,true
vw_085,vid_ch_aki_0,1624,1624,false,true
vw_085,vid_ch_kai_2,9000,,true,true
vw_085,vid_ch_s02_0,3787,3787,false,true
vw_085,vid_ch_s19_2,18000,,true,true
vw_085,vid_ch_juno_1,3529,3529,false,true
vw_085,vid_ch_s01_2,2733,2733,false,true
vw_085,vid_ch_s17_0,7758,7758,false,true
vw_085,vid_ch_s06_2,3288,3288,false,true
vw_085,vid_ch_s09_1,7765,7765,false,true
vw_085,vid_ch_s09_0,4803,4803,false,true
vw_085,vid_ch_s08_1,6319,6319,false,true
vw_085,vid_ch_s04_1,18000,,true,true
vw_085,vid_ch_s05_2,5227,5227,false,true
vw_085,vid_ch_s17_1,4430,4430,false,true
vw_085,vid_ch_s11_3,4940,4940,false,true
vw_086,vid_ch_s14_0,7677,7677,false,true
vw_086,vid_ch_s02_2,2688,2688,false,true
vw_086,vid_ch_s13_1,9234,9234,false,true
vw_086,vid_ch_s21_1,15000,,true,true
vw_086,vid_ch_aki_3,15000,,true,true
vw_086,vid_ch_s20_2,4930,4930,false,true
vw_086,vid_ch_pix_3,9000,,true,true
vw_086,vid_ch_s20_0,18000,,true,true
vw_086,vid_ch_s18_0,7341,7341,false,true
vw_086,vid_ch_s03_0,11254,11254,false,true
vw_086,vid_ch_aki_2,5542,5542,false,true
vw_086,vid_ch_pix_2,6172,6172,false,true
vw_086,vid_ch_s12_1,9767,9767,false,true
vw_086,vid_ch_s01_3,2961,2961,false,true
vw_086,vid_ch_s04_1,3369,3369,false,true
vw_086,vid_ch_aki_0,2643,2643,false,true
vw_086,vid_ch_s05_0,9000,,true,true
vw_086,vid_ch_s19_1,6639,6639,false,true
vw_086,vid_ch_s11_2,7420,7420,false,true
vw_086,vid_ch_s19_2,8606,8606,false,true
vw_086,vid_ch_s10_1,6712,6712,false,true
vw_086,vid_ch_ray_0,6006,6006,false,true
vw_086,vid_ch_s18_1,18000,,true,true
vw_086,vid_ch_kai_2,9000,,true,true
vw_087,vid_ch_s00_0,12000,,true,true
vw_087,vid_ch_s21_2,4467,4467,false,true
vw_087,vid_ch_s21_1,15000,,true,true
vw_087,vid_ch_s07_1,11237,11237,false,true
vw_087,vid_ch_vera_0,5867,5867,false,true
vw_087,vid_ch_s06_2,12000,,true,true
vw_087,vid_ch_s01_2,8898,8898,false,true
vw_087,vid_ch_s17_1,7594,7594,false,true
vw_087,vid_ch_s04_0,3546,3546,false,true
vw_087,vid_ch_s06_0,6768,6768,false,true
vw_087,vid_ch_s18_0,15000,,true,true
vw_087,vid_ch_s07_0,10670,10670,false,true
vw_087,vid_ch_nova_0,10624,10624,false,true
vw_087,vid_ch_pix_0,10842,10842,false,true
vw_088,vid_ch_s21_0,3561,3561,false,true
vw_088,vid_ch_s12_0,2437,2437,false,true
vw_088,vid_ch_s05_2,9257,9257,false,true
vw_088,vid_ch_s12_1,4121,4121,false,true
vw_088,vid_ch_ray_0,18000,,true,true
vw_088,vid_ch_ray_1,6446,6446,false,true
vw_088,vid_ch_s14_0,6594,6594,false,true
vw_088,vid_ch_s20_0,9129,9129,false,true
vw_088,vid_ch_s16_0,12000,,true,true
vw_088,vid_ch_s01_2,18000,,true,true
vw_088,vid_ch_s10_0,7718,7718,false,true
vw_088,vid_ch_s04_2,12000,,true,true
vw_088,vid_ch_s01_3,12000,,true,true
vw_088,vid_ch_s00_1,15000,,true,true
vw_088,vid_ch_vera_0,2128,2128,false,true
vw_088,vid_ch_s19_3,9000,,true,true
vw_088,vid_ch_s18_2,12000,,true,true
vw_088,vid_ch_mei_1,2653,2653,false,true
vw_088,vid_ch_s08_1,5731,5731,false,true
vw_088,vid_ch_aki_1,3975,3975,false,true
vw_089,vid_ch_aki_2,7296,7296,false,true
vw_089,vid_ch_nova_0,11531,11531,false,true
vw_089,vid_ch_s20_2,12000,,true,true
vw_089,vid_ch_s19_2,4159,4159,false,true
vw_089,vid_ch_vera_0,7563,7563,false,true
vw_089,vid_ch_s04_0,15000,,true,true
vw_089,vid_ch_s09_0,12000,,true,true
vw_089,vid_ch_s03_0,11609,11609,false,true
vw_089,vid_ch_s13_0,7733,7733,false,true
vw_089,vid_ch_s10_0,9733,9733,false,true
vw_089,vid_ch_kai_1,5383,5383,false,true
vw_089,vid_ch_aki_3,2310,2310,false,true
vw_089,vid_ch_s08_2,15000,,true,true
vw_089,vid_ch_aki_1,4593,4593,false,true
vw_089,vid_ch_s12_0,5696,5696,false,true
vw_089,vid_ch_s06_1,15000,,true,true
vw_089,vid_ch_s11_0,4763,4763,false,true
vw_089,vid_ch_s21_0,4997,4997,false,true
vw_089,vid_ch_ray_1,6890,6890,false,true
vw_089,vid_ch_pix_1,12000,,true,true
vw_089,vid_ch_s20_0,4012,4012,false,true
vw_089,vid_ch_s03_1,2338,2338,false,true
vw_089,vid_ch_s06_0,3748,3748,false,true
vw_089,vid_ch_aki_0,4992,4992,false,true
vw_090,vid_ch_aki_3,15000,,true,true
vw_090,vid_ch_s09_1,15000,,true,true
vw_090,vid_ch_aki_0,9000,,true,true
vw_090,vid_ch_s13_0,4990,4990,false,true
vw_090,vid_ch_s16_2,11482,11482,false,true
vw_090,vid_ch_s06_1,15000,,true,true
vw_090,vid_ch_s06_2,12000,,true,true
vw_090,vid_ch_s03_1,9000,,true,true
vw_090,vid_ch_mei_0,9000,,true,true
vw_090,vid_ch_s14_1,18000,,true,true
vw_090,vid_ch_s19_2,11143,11143,false,true
vw_090,vid_ch_kai_0,12000,,true,true
vw_090,vid_ch_s12_0,9000,,true,true
vw_090,vid_ch_s05_2,6014,6014,false,true
vw_090,vid_ch_s21_0,15000,,true,true
vw_090,vid_ch_s03_0,18000,,true,true
vw_090,vid_ch_juno_0,2378,2378,false,true
vw_090,vid_ch_s18_0,6763,6763,false,true
vw_090,vid_ch_vera_1,7338,7338,false,true
vw_090,vid_ch_s04_2,12000,,true,true
vw_090,vid_ch_s12_2,8780,8780,false,true
vw_090,vid_ch_nova_1,2375,2375,false,true
vw_091,vid_ch_nova_1,12000,,true,true
vw_091,vid_ch_s20_1,9959,9959,false,true
vw_091,vid_ch_s21_0,15000,,true,true
vw_091,vid_ch_s02_0,12000,,true,true
vw_091,vid_ch_ray_0,8853,8853,false,true
vw_091,vid_ch_s10_0,18000,,true,true
vw_091,vid_ch_pix_0,8738,8738,false,true
vw_091,vid_ch_s21_1,3460,3460,false,true
vw_091,vid_ch_s15_1,2952,2952,false,true
vw_091,vid_ch_s20_2,2086,2086,false,true
vw_091,vid_ch_s01_1,18000,,true,true
vw_091,vid_ch_s02_1,3641,3641,false,true
vw_091,vid_ch_s06_1,3413,3413,false,true
vw_091,vid_ch_s19_2,18000,,true,true
vw_091,vid_ch_s19_0,6688,6688,false,true
vw_091,vid_ch_s12_0,5782,5782,false,true
vw_091,vid_ch_s19_3,9000,,true,true
vw_091,vid_ch_mei_1,2376,2376,false,true
vw_091,vid_ch_s18_1,11693,11693,false,true
vw_091,vid_ch_s16_1,15000,,true,true
vw_091,vid_ch_s01_3,12000,,true,true
vw_091,vid_ch_s18_2,2744,2744,false,true
vw_092,vid_ch_s19_0,6232,6232,false,true
vw_092,vid_ch_s13_0,9684,9684,false,true
vw_092,vid_ch_s20_0,8733,8733,false,true
vw_092,vid_ch_s08_1,15000,,true,true
vw_092,vid_ch_aki_0,9000,,true,true
vw_092,vid_ch_s12_1,18000,,true,true
vw_092,vid_ch_s05_1,6252,6252,false,true
vw_092,vid_ch_s18_1,8556,8556,false,true
vw_092,vid_ch_s21_2,6299,6299,false,true
vw_092,vid_ch_mei_0,3314,3314,false,true
vw_092,vid_ch_s08_2,15000,,true,true
vw_092,vid_ch_s18_0,2927,2927,false,true
vw_092,vid_ch_ray_1,12000,,true,true
vw_092,vid_ch_s05_0,9000,,true,true
vw_092,vid_ch_s15_0,2969,2969,false,true
vw_092,vid_ch_s01_1,18000,,true,true
vw_092,vid_ch_mei_1,9000,,true,true
vw_093,vid_ch_s07_0,8209,8209,false,true
vw_093,vid_ch_s04_0,4179,4179,false,true
vw_093,vid_ch_s15_1,18000,,true,true
vw_093,vid_ch_s11_1,8668,8668,false,true
vw_093,vid_ch_s17_0,4212,4212,false,true
vw_093,vid_ch_s10_1,4121,4121,false,true
vw_093,vid_ch_kai_1,9086,9086,false,true
vw_093,vid_ch_s16_2,10460,10460,false,true
vw_093,vid_ch_s04_2,12000,,true,true
vw_093,vid_ch_s21_2,15000,,true,true
vw_093,vid_ch_s05_2,8941,8941,false,true
vw_093,vid_ch_s00_0,6579,6579,false,true
vw_093,vid_ch_s12_3,9000,,true,true
vw_093,vid_ch_s13_1,3896,3896,false,true
vw_093,vid_ch_s13_0,9705,9705,false,true
vw_093,vid_ch_s02_0,7003,7003,false,true
vw_093,vid_ch_aki_0,3101,3101,false,true
vw_093,vid_ch_mei_1,9000,,true,true
vw_093,vid_ch_s20_2,12000,,true,true
vw_093,vid_ch_s08_2,4582,4582,false,true
vw_093,vid_ch_pix_3,4676,4676,false,true
vw_093,vid_ch_s16_0,12000,,true,true
vw_094,vid_ch_s06_0,15000,,true,true
vw_094,vid_ch_nova_1,4807,4807,false,true
vw_094,vid_ch_s20_2,2186,2186,false,true
vw_094,vid_ch_aki_3,6187,6187,false,true
vw_094,vid_ch_s08_1,7910,7910,false,true
vw_094,vid_ch_s17_1,5747,5747,false,true
vw_094,vid_ch_s07_1,3302,3302,false,true
vw_094,vid_ch_s21_0,7437,7437,false,true
vw_094,vid_ch_s06_2,5432,5432,false,true
vw_094,vid_ch_s18_2,4839,4839,false,true
vw_094,vid_ch_s12_1,9707,9707,false,true
vw_094,vid_ch_s12_2,18000,,true,true
vw_094,vid_ch_s18_1,10473,10473,false,true
vw_094,vid_ch_nova_0,18000,,true,true
vw_094,vid_ch_aki_1,12000,,true,true
vw_095,vid_ch_s16_2,8327,8327,false,true
vw_095,vid_ch_s17_0,12000,,true,true
vw_095,vid_ch_s12_2,6790,6790,false,true
vw_095,vid_ch_s01_3,2759,2759,false,true
vw_095,vid_ch_s19_2,18000,,true,true
vw_095,vid_ch_juno_0,12000,,true,true
vw_095,vid_ch_s09_0,2694,2694,false,true
vw_095,vid_ch_aki_0,9000,,true,true
vw_095,vid_ch_s19_1,12000,,true,true
vw_095,vid_ch_nova_0,2939,2939,false,true
vw_095,vid_ch_s11_1,18000,,true,true
vw_095,vid_ch_s08_1,15000,,true,true
vw_095,vid_ch_aki_3,6611,6611,false,true
vw_095,vid_ch_kai_2,4008,4008,false,true
vw_095,vid_ch_s18_0,6198,6198,false,true
vw_095,vid_ch_s21_1,4386,4386,false,true
vw_095,vid_ch_s05_2,15000,,true,true
vw_095,vid_ch_s10_1,6167,6167,false,true
vw_095,vid_ch_s06_2,4227,4227,false,true
vw_095,vid_ch_s11_2,8068,8068,false,true
vw_095,vid_ch_s09_1,4494,4494,false,true
vw_096,vid_ch_aki_1,12000,,true,true
vw_096,vid_ch_s20_2,12000,,true,true
vw_096,vid_ch_pix_1,3608,3608,false,true
vw_096,vid_ch_s21_2,6473,6473,false,true
vw_096,vid_ch_s01_3,12000,,true,true
vw_096,vid_ch_s18_1,18000,,true,true
vw_096,vid_ch_s18_2,4162,4162,false,true
vw_096,vid_ch_s16_1,4673,4673,false,true
vw_096,vid_ch_vera_1,4062,4062,false,true
vw_096,vid_ch_mei_1,9000,,true,true
vw_096,vid_ch_juno_0,2824,2824,false,true
vw_096,vid_ch_s11_0,4662,4662,false,true
vw_096,vid_ch_pix_0,8527,8527,false,true
vw_096,vid_ch_s04_2,3368,3368,false,true
vw_096,vid_ch_kai_1,4651,4651,false,true
vw_096,vid_ch_s20_0,6517,6517,false,true
vw_096,vid_ch_s18_0,15000,,true,true
vw_096,vid_ch_s06_2,12000,,true,true
vw_096,vid_ch_s02_2,7341,7341,false,true
vw_096,vid_ch_mei_0,9000,,true,true
vw_096,vid_ch_s09_0,3509,3509,false,true
vw_096,vid_ch_pix_3,4145,4145,false,true
vw_097,vid_ch_vera_1,15000,,true,true
vw_097,vid_ch_s12_1,18000,,true,true
vw_097,vid_ch_kai_0,3892,3892,false,true
vw_097,vid_ch_s04_0,15000,,true,true
vw_097,vid_ch_s19_2,18000,,true,true
vw_097,vid_ch_s07_1,18000,,true,true
vw_097,vid_ch_s21_2,15000,,true,true
vw_097,vid_ch_s00_0,12000,,true,true
vw_097,vid_ch_kai_1,5450,5450,false,true
vw_097,vid_ch_s15_1,3507,3507,false,true
vw_097,vid_ch_s03_1,2756,2756,false,true
vw_097,vid_ch_s01_1,6070,6070,false,true
vw_097,vid_ch_vera_0,12000,,true,true
vw_097,vid_ch_pix_3,5740,5740,false,true
vw_097,vid_ch_s08_2,7820,7820,false,true
vw_097,vid_ch_pix_0,2721,2721,false,true
vw_097,vid_ch_s14_1,7830,7830,false,true
vw_098,vid_ch_s06_1,7390,7390,false,true
vw_098,vid_ch_s08_0,15000,,true,true
vw_098,vid_ch_s12_1,5360,5360,false,true
vw_098,vid_ch_s20_2,12000,,true,true
vw_098,vid_ch_s18_0,3059,3059,false,true
vw_098,vid_ch_s19_3,9000,,true,true
vw_098,vid_ch_s03_1,9000,,true,true
vw_098,vid_ch_nova_1,12000,,true,true
vw_098,vid_ch_kai_2,5497,5497,false,true
vw_098,vid_ch_s14_0,2715,2715,false,true
vw_098,vid_ch_ray_1,3305,3305,false,true
vw_098,vid_ch_aki_0,4661,4661,false,true
vw_098,vid_ch_pix_3,5709,5709,false,true
vw_098,vid_ch_s09_1,3090,3090,false,true
vw_098,vid_ch_s12_3,2992,2992,false,true
vw_098,vid_ch_s08_2,5616,5616,false,true
vw_098,vid_ch_s01_0,18000,,true,true
vw_099,vid_ch_s19_0,12000,,true,true
vw_099,vid_ch_s15_0,4551,4551,false,true
vw_099,vid_ch_s02_1,4839,4839,false,true
vw_099,vid_ch_s05_1,4285,4285,false,true
vw_099,vid_ch_s11_2,5577,5577,false,true
vw_099,vid_ch_s00_1,9179,9179,false,true
vw_099,vid_ch_aki_0,2170,2170,false,true
vw_099,vid_ch_s14_1,18000,,true,true
vw_099,vid_ch_s14_0,18000,,true,true
vw_099,vid_ch_s08_0,7274,7274,false,true
vw_099,vid_ch_s04_2,3803,3803,false,true
vw_099,vid_ch_s01_2,10341,10341,false,true
vw_099,vid_ch_s03_1,9000,,true,true
vw_099,vid_ch_s20_0,8841,8841,false,true
vw_100,vid_ch_s02_0,6319,6319,false,true
vw_100,vid_ch_aki_3,5710,5710,false,true
vw_100,vid_ch_s08_0,8884,8884,false,true
vw_100,vid_ch_pix_3,1790,1790,false,true
vw_100,vid_ch_s20_0,8612,8612,false,true
vw_100,vid_ch_s19_1,12000,,true,true
vw_100,vid_ch_s16_1,3455,3455,false,true
vw_100,vid_ch_s21_1,2543,2543,false,true
vw_100,vid_ch_s04_0,15000,,true,true
vw_100,vid_ch_s10_0,18000,,true,true
vw_100,vid_ch_s01_3,12000,,true,true
vw_100,vid_ch_s14_1,5831,5831,false,true
vw_100,vid_ch_s11_2,8032,8032,false,true
vw_100,vid_ch_s01_1,10329,10329,false,true
vw_100,vid_ch_s12_3,4336,4336,false,true
vw_100,vid_ch_s12_1,18000,,true,true
vw_100,vid_ch_s19_3,9000,,true,true
vw_100,vid_ch_s17_0,3296,3296,false,true
vw_100,vid_ch_s08_1,5671,5671,false,true
vw_100,vid_ch_s21_0,15000,,true,true
vw_100,vid_ch_pix_1,7378,7378,false,true
vw_101,vid_ch_s05_0,9000,,true,true
vw_101,vid_ch_s01_0,6938,6938,false,true
vw_101,vid_ch_s03_0,3710,3710,false,true
vw_101,vid_ch_s21_0,8555,8555,false,true
vw_101,vid_ch_kai_2,1720,1720,false,true
vw_101,vid_ch_s19_0,4102,4102,false,true
vw_101,vid_ch_s13_1,7929,7929,false,true
vw_101,vid_ch_aki_0,9000,,true,true
vw_101,vid_ch_aki_3,8767,8767,false,true
vw_101,vid_ch_s20_1,2719,2719,false,true
vw_101,vid_ch_s04_2,6175,6175,false,true
vw_101,vid_ch_ray_0,5994,5994,false,true
vw_101,vid_ch_s08_0,15000,,true,true
vw_101,vid_ch_s11_1,18000,,true,true
vw_101,vid_ch_s05_1,12000,,true,true
vw_101,vid_ch_nova_0,18000,,true,true
vw_101,vid_ch_s12_1,5425,5425,false,true
vw_101,vid_ch_s14_1,18000,,true,true
vw_101,vid_ch_s19_1,4552,4552,false,true
vw_101,vid_ch_s04_0,3804,3804,false,true
vw_101,vid_ch_s05_2,15000,,true,true
vw_101,vid_ch_kai_1,6261,6261,false,true
vw_101,vid_ch_vera_0,2421,2421,false,true
vw_102,vid_ch_ray_1,6142,6142,false,true
vw_102,vid_ch_s15_0,12000,,true,true
vw_102,vid_ch_s16_1,2807,2807,false,true
vw_102,vid_ch_s14_1,7590,7590,false,true
vw_102,vid_ch_s01_1,7672,7672,false,true
vw_102,vid_ch_s16_0,4910,4910,false,true
vw_102,vid_ch_s06_1,15000,,true,true
vw_102,vid_ch_juno_1,2766,2766,false,true
vw_102,vid_ch_s01_2,5118,5118,false,true
vw_102,vid_ch_s19_3,3660,3660,false,true
vw_102,vid_ch_s01_3,3534,3534,false,true
vw_102,vid_ch_s20_0,7373,7373,false,true
vw_102,vid_ch_s05_2,15000,,true,true
vw_102,vid_ch_s03_0,18000,,true,true
vw_102,vid_ch_nova_1,7003,7003,false,true
vw_102,vid_ch_s21_0,15000,,true,true
vw_102,vid_ch_s00_0,4387,4387,false,true
vw_102,vid_ch_s17_0,6621,6621,false,true
vw_102,vid_ch_aki_3,15000,,true,true
vw_102,vid_ch_s13_0,4829,4829,false,true
vw_102,vid_ch_s08_0,8996,8996,false,true
vw_102,vid_ch_kai_0,12000,,true,true
vw_103,vid_ch_s06_1,7825,7825,false,true
vw_103,vid_ch_s03_0,7216,7216,false,true
vw_103,vid_ch_s05_0,4423,4423,false,true
vw_103,vid_ch_s18_0,7526,7526,false,true
vw_103,vid_ch_s20_2,2192,2192,false,true
vw_103,vid_ch_s05_2,6639,6639,false,true
vw_103,vid_ch_s19_1,2942,2942,false,true
vw_103,vid_ch_s15_1,9131,9131,false,true
vw_103,vid_ch_s16_2,4941,4941,false,true
vw_103,vid_ch_s02_0,12000,,true,true
vw_103,vid_ch_s09_1,8618,8618,false,true
vw_103,vid_ch_kai_2,5509,5509,false,true
vw_103,vid_ch_pix_2,6209,6209,false,true
vw_103,vid_ch_s12_1,11040,11040,false,true
vw_103,vid_ch_s18_2,2680,2680,false,true
vw_103,vid_ch_aki_2,12000,,true,true
vw_104,vid_ch_s04_2,5176,5176,false,true
vw_104,vid_ch_s12_1,4618,4618,false,true
vw_104,vid_ch_s10_0,4261,4261,false,true
vw_104,vid_ch_mei_1,5802,5802,false,true
vw_104,vid_ch_s20_0,18000,,true,true
vw_104,vid_ch_s16_2,18000,,true,true
vw_104,vid_ch_s17_1,12000,,true,true
vw_104,vid_ch_s20_1,18000,,true,true
vw_104,vid_ch_s20_2,12000,,true,true
vw_104,vid_ch_s12_3,4412,4412,false,true
vw_104,vid_ch_s21_0,4773,4773,false,true
vw_104,vid_ch_pix_3,9000,,true,true
vw_104,vid_ch_juno_1,3219,3219,false,true
vw_104,vid_ch_s12_0,1690,1690,false,true
vw_104,vid_ch_ray_0,3587,3587,false,true
vw_104,vid_ch_s08_0,6626,6626,false,true
vw_104,vid_ch_s14_0,6090,6090,false,true
vw_104,vid_ch_aki_2,5817,5817,false,true
vw_104,vid_ch_s06_0,9108,9108,false,true
vw_104,vid_ch_aki_0,2452,2452,false,true
vw_104,vid_ch_s06_1,2352,2352,false,true
vw_104,vid_ch_s19_3,2146,2146,false,true
vw_105,vid_ch_s04_0,5601,5601,false,true
vw_105,vid_ch_s10_0,18000,,true,true
vw_105,vid_ch_s08_1,6315,6315,false,true
vw_105,vid_ch_s17_0,3267,3267,false,true
vw_105,vid_ch_s21_0,8606,8606,false,true
vw_105,vid_ch_s19_0,4008,4008,false,true
vw_105,vid_ch_aki_3,15000,,true,true
vw_105,vid_ch_s08_2,2351,2351,false,true
vw_105,vid_ch_s05_1,6383,6383,false,true
vw_105,vid_ch_s05_2,5585,5585,false,true
vw_105,vid_ch_s00_0,7202,7202,false,true
vw_105,vid_ch_pix_2,6845,6845,false,true
vw_105,vid_ch_s14_1,18000,,true,true
vw_105,vid_ch_vera_1,3695,3695,false,true
vw_105,vid_ch_s19_1,4138,4138,false,true
vw_105,vid_ch_s18_1,18000,,true,true
vw_105,vid_ch_pix_0,9862,9862,false,true
vw_106,vid_ch_s11_3,7312,7312,false,true
vw_106,vid_ch_s05_0,3935,3935,false,true
vw_106,vid_ch_kai_2,5428,5428,false,true
vw_106,vid_ch_s09_0,7238,7238,false,true
vw_106,vid_ch_s08_2,5843,5843,false,true
vw_106,vid_ch_nova_0,6563,6563,false,true
vw_106,vid_ch_aki_3,3268,3268,false,true
vw_106,vid_ch_s08_0,7441,7441,false,true
vw_106,vid_ch_s03_1,2166,2166,false,true
vw_106,vid_ch_pix_0,10785,10785,false,true
vw_106,vid_ch_s16_0,6745,6745,false,true
vw_106,vid_ch_juno_0,4534,4534,false,true
vw_106,vid_ch_s00_1,3527,3527,false,true
vw_106,vid_ch_s21_0,15000,,true,true
vw_106,vid_ch_s14_0,5139,5139,false,true
vw_106,vid_ch_s10_1,12000,,true,true
vw_106,vid_ch_s04_0,2554,2554,false,true
vw_106,vid_ch_s02_0,7397,7397,false,true
vw_106,vid_ch_aki_1,12000,,true,true
vw_106,vid_ch_s12_2,7634,7634,false,true
vw_106,vid_ch_s01_3,12000,,true,true
vw_106,vid_ch_s02_1,3491,3491,false,true
vw_106,vid_ch_s08_1,6988,6988,false,true
vw_107,vid_ch_s06_1,5102,5102,false,true
vw_107,vid_ch_s11_1,18000,,true,true
vw_107,vid_ch_s19_0,5669,5669,false,true
vw_107,vid_ch_s09_1,6238,6238,false,true
vw_107,vid_ch_s14_0,7172,7172,false,true
vw_107,vid_ch_vera_0,4599,4599,false,true
vw_107,vid_ch_s10_0,18000,,true,true
vw_107,vid_ch_s12_1,18000,,true,true
vw_107,vid_ch_s08_1,7306,7306,false,true
vw_107,vid_ch_s00_1,3389,3389,false,true
vw_107,vid_ch_pix_3,2623,2623,false,true
vw_107,vid_ch_s16_0,2934,2934,false,true
vw_107,vid_ch_s01_3,3546,3546,false,true
vw_107,vid_ch_s12_3,9000,,true,true
vw_107,vid_ch_s18_2,1876,1876,false,true
vw_107,vid_ch_vera_1,6901,6901,false,true
vw_107,vid_ch_s21_2,15000,,true,true
vw_107,vid_ch_pix_0,18000,,true,true
vw_107,vid_ch_s05_1,12000,,true,true
vw_107,vid_ch_s03_1,5622,5622,false,true
vw_107,vid_ch_s15_1,9556,9556,false,true
vw_107,vid_ch_s00_0,4164,4164,false,true
vw_107,vid_ch_kai_1,7815,7815,false,true
vw_107,vid_ch_s01_2,3889,3889,false,true
vw_107,vid_ch_pix_2,15000,,true,true
vw_108,vid_ch_s18_2,6923,6923,false,true
vw_108,vid_ch_s10_0,11328,11328,false,true
vw_108,vid_ch_s06_0,8495,8495,false,true
vw_108,vid_ch_s02_2,4200,4200,false,true
vw_108,vid_ch_s17_1,5612,5612,false,true
vw_108,vid_ch_s08_1,9257,9257,false,true
vw_108,vid_ch_s05_1,6553,6553,false,true
vw_108,vid_ch_s19_1,6589,6589,false,true
vw_108,vid_ch_s01_1,6254,6254,false,true
vw_108,vid_ch_s15_1,18000,,true,true
vw_108,vid_ch_s20_0,8083,8083,false,true
vw_108,vid_ch_nova_1,6626,6626,false,true
vw_108,vid_ch_pix_2,8132,8132,false,true
vw_108,vid_ch_s19_0,6438,6438,false,true
vw_108,vid_ch_s11_0,4657,4657,false,true
vw_108,vid_ch_ray_0,18000,,true,true
vw_108,vid_ch_s17_0,12000,,true,true
vw_108,vid_ch_s02_1,5393,5393,false,true
vw_108,vid_ch_s12_2,4829,4829,false,true
vw_108,vid_ch_ray_1,7140,7140,false,true
vw_108,vid_ch_s16_0,12000,,true,true
vw_108,vid_ch_s08_0,4806,4806,false,true
vw_109,vid_ch_s19_1,12000,,true,true
vw_109,vid_ch_s17_1,5765,5765,false,true
vw_109,vid_ch_vera_1,15000,,true,true
vw_109,vid_ch_s11_3,3746,3746,false,true
vw_109,vid_ch_aki_3,8484,8484,false,true
vw_109,vid_ch_s06_0,6183,6183,false,true
vw_109,vid_ch_s17_0,4111,4111,false,true
vw_109,vid_ch_s20_2,1968,1968,false,true
vw_109,vid_ch_s06_1,8505,8505,false,true
vw_109,vid_ch_aki_1,2263,2263,false,true
vw_109,vid_ch_s12_3,3355,3355,false,true
vw_109,vid_ch_vera_0,12000,,true,true
vw_109,vid_ch_s06_2,12000,,true,true
vw_109,vid_ch_juno_1,5089,5089,false,true
vw_109,vid_ch_s20_1,5212,5212,false,true
vw_109,vid_ch_aki_2,4853,4853,false,true
vw_109,vid_ch_s10_0,6845,6845,false,true
vw_109,vid_ch_s11_2,18000,,true,true
vw_109,vid_ch_nova_1,6588,6588,false,true
vw_109,vid_ch_s07_1,18000,,true,true
vw_109,vid_ch_s19_3,9000,,true,true
vw_110,vid_ch_s04_1,4137,4137,false,true
vw_110,vid_ch_vera_1,8017,8017,false,true
vw_110,vid_ch_s19_3,5672,5672,false,true
vw_110,vid_ch_s12_2,18000,,true,true
vw_110,vid_ch_s14_0,18000,,true,true
vw_110,vid_ch_s04_2,3693,3693,false,true
vw_110,vid_ch_mei_0,5181,5181,false,true
vw_110,vid_ch_mei_1,1721,1721,false,true
vw_110,vid_ch_s06_2,5433,5433,false,true
vw_110,vid_ch_s16_1,7396,7396,false,true
vw_110,vid_ch_s05_0,9000,,true,true
vw_110,vid_ch_s03_0,9849,9849,false,true
vw_110,vid_ch_s08_1,15000,,true,true
vw_110,vid_ch_kai_1,8852,8852,false,true
vw_110,vid_ch_s12_1,9538,9538,false,true
vw_110,vid_ch_pix_1,12000,,true,true
vw_110,vid_ch_s21_2,6185,6185,false,true
vw_111,vid_ch_pix_0,5270,5270,false,true
vw_111,vid_ch_s01_1,3433,3433,false,true
vw_111,vid_ch_ray_0,5558,5558,false,true
vw_111,vid_ch_s19_1,7037,7037,false,true
vw_111,vid_ch_s20_1,3482,3482,false,true
vw_111,vid_ch_s04_2,6399,6399,false,true
vw_111,vid_ch_s15_0,4259,4259,false,true
vw_111,vid_ch_aki_2,12000,,true,true
vw_111,vid_ch_s07_1,11523,11523,false,true
vw_111,vid_ch_s03_1,9000,,true,true
vw_111,vid_ch_s05_1,3371,3371,false,true
vw_111,vid_ch_s02_2,15000,,true,true
vw_111,vid_ch_s05_0,2949,2949,false,true
vw_111,vid_ch_s12_1,5557,5557,false,true
vw_111,vid_ch_nova_1,1812,1812,false,true
vw_111,vid_ch_s08_0,15000,,true,true
vw_111,vid_ch_s10_1,3110,3110,false,true
vw_111,vid_ch_kai_0,12000,,true,true
vw_111,vid_ch_s21_1,15000,,true,true
vw_111,vid_ch_s20_0,7303,7303,false,true
vw_111,vid_ch_s20_2,4259,4259,false,true
vw_112,vid_ch_s02_1,1608,1608,false,true
vw_112,vid_ch_s11_1,3306,3306,false,true
vw_112,vid_ch_s03_0,10831,10831,false,true
vw_112,vid_ch_s19_2,18000,,true,true
vw_112,vid_ch_s16_2,18000,,true,true
vw_112,vid_ch_s07_0,18000,,true,true
vw_112,vid_ch_s01_2,18000,,true,true
vw_112,vid_ch_nova_0,11408,11408,false,true
vw_112,vid_ch_pix_2,4515,4515,false,true
vw_112,vid_ch_s18_1,5501,5501,false,true
vw_112,vid_ch_s20_0,3267,3267,false,true
vw_112,vid_ch_s10_1,12000,,true,true
vw_112,vid_ch_pix_1,12000,,true,true
vw_112,vid_ch_s12_2,10632,10632,false,true
vw_112,vid_ch_s05_0,1797,1797,false,true
vw_112,vid_ch_s13_1,4343,4343,false,true
vw_112,vid_ch_kai_0,3713,3713,false,true
vw_112,vid_ch_vera_1,15000,,true,true
vw_112,vid_ch_mei_0,9000,,true,true
vw_112,vid_ch_s09_0,4110,4110,false,true
vw_112,vid_ch_kai_1,3942,3942,false,true
vw_113,vid_ch_juno_1,1702,1702,false,true
vw_113,vid_ch_pix_0,18000,,true,true
vw_113,vid_ch_s05_2,15000,,true,true
vw_113,vid_ch_s04_1,18000,,true,true
vw_113,vid_ch_mei_1,4890,4890,false,true
vw_113,vid_ch_s03_0,3672,3672,false,true
vw_113,vid_ch_s04_2,12000,,true,true
vw_113,vid_ch_s16_2,10526,10526,false,true
vw_113,vid_ch_s02_1,4883,4883,false,true
vw_113,vid_ch_s20_0,4373,4373,false,true
vw_113,vid_ch_s03_1,2148,2148,false,true
vw_113,vid_ch_s01_3,3612,3612,false,true
vw_113,vid_ch_s13_1,9342,9342,false,true
vw_113,vid_ch_nova_0,18000,,true,true
vw_113,vid_ch_mei_0,2982,2982,false,true
vw_113,vid_ch_s18_0,7282,7282,false,true
vw_114,vid_ch_s21_0,15000,,true,true
vw_114,vid_ch_s13_0,5355,5355,false,true
vw_114,vid_ch_pix_2,8032,8032,false,true
vw_114,vid_ch_s14_0,9258,9258,false,true
vw_114,vid_ch_aki_2,12000,,true,true
vw_114,vid_ch_s07_0,18000,,true,true
vw_114,vid_ch_s17_0,3569,3569,false,true
vw_114,vid_ch_s04_2,3712,3712,false,true
vw_114,vid_ch_s08_1,2636,2636,false,true
vw_114,vid_ch_s09_1,15000,,true,true
vw_114,vid_ch_s05_2,6888,6888,false,true
vw_114,vid_ch_s21_2,9435,9435,false,true
vw_114,vid_ch_s16_2,10750,10750,false,true
vw_114,vid_ch_s05_1,4721,4721,false,true
vw_114,vid_ch_s18_1,18000,,true,true
vw_114,vid_ch_pix_3,4659,4659,false,true
vw_114,vid_ch_s00_0,12000,,true,true
vw_114,vid_ch_s14_1,7822,7822,false,true
vw_114,vid_ch_s04_0,7369,7369,false,true
vw_114,vid_ch_s13_1,15000,,true,true
vw_114,vid_ch_s02_1,1440,1440,false,true
vw_114,vid_ch_s05_0,2964,2964,false,true
vw_114,vid_ch_s12_3,4283,4283,false,true
vw_115,vid_ch_s20_0,10824,10824,false,true
vw_115,vid_ch_s02_2,7656,7656,false,true
vw_115,vid_ch_s11_0,9000,,true,true
vw_115,vid_ch_s16_0,12000,,true,true
vw_115,vid_ch_s08_2,7488,7488,false,true
vw_115,vid_ch_s00_0,4627,4627,false,true
vw_115,vid_ch_s02_1,4902,4902,false,true
vw_115,vid_ch_s07_0,6216,6216,false,true
vw_115,vid_ch_s08_0,8221,8221,false,true
vw_115,vid_ch_s16_2,11296,11296,false,true
vw_115,vid_ch_s06_0,15000,,true,true
vw_115,vid_ch_aki_2,2726,2726,false,true
vw_115,vid_ch_s11_3,6541,6541,false,true
vw_115,vid_ch_s20_1,6617,6617,false,true
vw_115,vid_ch_s12_0,1950,1950,false,true
vw_115,vid_ch_s06_2,7618,7618,false,true
vw_115,vid_ch_nova_1,4587,4587,false,true
vw_115,vid_ch_s13_0,15000,,true,true
vw_116,vid_ch_s21_2,7043,7043,false,true
vw_116,vid_ch_juno_1,3700,3700,false,true
vw_116,vid_ch_s05_0,9000,,true,true
vw_116,vid_ch_s01_1,18000,,true,true
vw_116,vid_ch_s16_1,9307,9307,false,true
vw_116,vid_ch_kai_2,3527,3527,false,true
vw_116,vid_ch_s19_0,2909,2909,false,true
vw_116,vid_ch_s01_0,18000,,true,true
vw_116,vid_ch_s17_1,5845,5845,false,true
vw_116,vid_ch_aki_2,2690,2690,false,true
vw_116,vid_ch_juno_0,12000,,true,true
vw_116,vid_ch_s12_2,18000,,true,true
vw_116,vid_ch_s01_3,6018,6018,false,true
vw_116,vid_ch_s14_1,18000,,true,true
vw_116,vid_ch_ray_1,5882,5882,false,true
vw_116,vid_ch_s21_1,6010,6010,false,true
vw_116,vid_ch_s01_2,11225,11225,false,true
vw_116,vid_ch_s06_0,4849,4849,false,true
vw_116,vid_ch_mei_0,2086,2086,false,true
vw_116,vid_ch_s05_1,12000,,true,true
vw_116,vid_ch_s21_0,6054,6054,false,true
vw_116,vid_ch_nova_1,12000,,true,true
vw_116,vid_ch_vera_1,5340,5340,false,true
vw_116,vid_ch_pix_0,18000,,true,true
vw_117,vid_ch_s06_0,8398,8398,false,true
vw_117,vid_ch_s19_2,10430,10430,false,true
vw_117,vid_ch_s11_0,1929,1929,false,true
vw_117,vid_ch_s12_1,18000,,true,true
vw_117,vid_ch_vera_1,15000,,true,true
vw_117,vid_ch_s20_0,18000,,true,true
vw_117,vid_ch_s09_0,12000,,true,true
vw_117,vid_ch_s12_0,5122,5122,false,true
vw_117,vid_ch_s07_1,3307,3307,false,true
vw_117,vid_ch_s21_1,3228,3228,false,true
vw_117,vid_ch_s04_1,7409,7409,false,true
vw_117,vid_ch_s11_2,3128,3128,false,true
vw_117,vid_ch_kai_2,4029,4029,false,true
vw_117,vid_ch_s00_1,15000,,true,true
vw_117,vid_ch_juno_0,12000,,true,true
vw_117,vid_ch_s12_2,7532,7532,false,true
vw_117,vid_ch_pix_0,6596,6596,false,true
vw_117,vid_ch_s19_3,3046,3046,false,true
vw_117,vid_ch_s16_0,12000,,true,true
vw_117,vid_ch_s18_0,15000,,true,true
vw_117,vid_ch_mei_0,9000,,true,true
vw_117,vid_ch_kai_1,15000,,true,true
vw_117,vid_ch_s06_2,12000,,true,true
vw_117,vid_ch_s20_1,4464,4464,false,true
vw_117,vid_ch_pix_2,8226,8226,false,true
vw_118,vid_ch_s05_0,2721,2721,false,true
vw_118,vid_ch_juno_0,2019,2019,false,true
vw_118,vid_ch_s14_1,2945,2945,false,true
vw_118,vid_ch_mei_1,5081,5081,false,true
vw_118,vid_ch_s14_0,6522,6522,false,true
vw_118,vid_ch_aki_3,15000,,true,true
vw_118,vid_ch_s21_0,15000,,true,true
vw_118,vid_ch_s11_2,8713,8713,false,true
vw_118,vid_ch_s00_1,15000,,true,true
vw_118,vid_ch_aki_1,12000,,true,true
vw_118,vid_ch_s01_0,2741,2741,false,true
vw_118,vid_ch_nova_1,5743,5743,false,true
vw_118,vid_ch_s12_3,5136,5136,false,true
vw_118,vid_ch_aki_2,7109,7109,false,true
vw_118,vid_ch_ray_1,12000,,true,true
vw_118,vid_ch_pix_2,4815,4815,false,true
vw_118,vid_ch_s10_0,2850,2850,false,true
vw_118,vid_ch_s11_1,8980,8980,false,true
vw_118,vid_ch_s16_0,5384,5384,false,true
vw_118,vid_ch_s01_2,18000,,true,true
vw_118,vid_ch_s00_0,4426,4426,false,true
vw_118,vid_ch_s04_2,3170,3170,false,true
vw_118,vid_ch_s01_1,18000,,true,true
vw_118,vid_ch_kai_2,9000,,true,true
vw_119,vid_ch_s06_0,5530,5530,false,true
vw_119,vid_ch_pix_0,18000,,true,true
vw_119,vid_ch_s18_1,3033,3033,false,true
vw_119,vid_ch_s10_0,3078,3078,false,true
vw_119,vid_ch_s15_1,18000,,true,true
vw_119,vid_ch_juno_0,2589,2589,false,true
vw_119,vid_ch_s21_0,8784,8784,false,true
vw_119,vid_ch_s11_0,5221,5221,false,true
vw_119,vid_ch_nova_0,18000,,true,true
vw_119,vid_ch_s11_1,18000,,true,true
vw_119,vid_ch_s02_1,2281,2281,false,true
vw_119,vid_ch_pix_2,15000,,true,true
vw_119,vid_ch_s21_1,3702,3702,false,true
vw_119,vid_ch_s01_2,18000,,true,true
vw_119,vid_ch_s19_3,3132,3132,false,true
vw_119,vid_ch_s17_0,12000,,true,true
vw_119,vid_ch_kai_1,15000,,true,true
vw_119,vid_ch_s10_1,4617,4617,false,true
vw_119,vid_ch_s20_0,18000,,true,true
vw_119,vid_ch_s14_1,11496,11496,false,true
vw_120,vid_ch_s12_1,18000,,true,true
vw_120,vid_ch_s05_0,5366,5366,false,true
vw_120,vid_ch_s19_1,12000,,true,true
vw_120,vid_ch_s15_0,7790,7790,false,true
vw_120,vid_ch_kai_1,3130,3130,false,true
vw_120,vid_ch_s19_2,5605,5605,false,true
vw_120,vid_ch_s20_0,5772,5772,false,true
vw_120,vid_ch_aki_1,12000,,true,true
vw_120,vid_ch_juno_0,3011,3011,false,true
vw_120,vid_ch_s08_2,15000,,true,true
vw_120,vid_ch_s12_3,9000,,true,true
vw_120,vid_ch_s18_0,15000,,true,true
vw_120,vid_ch_s06_2,5203,5203,false,true
vw_121,vid_ch_s15_1,5178,5178,false,true
vw_121,vid_ch_s05_2,2661,2661,false,true
vw_121,vid_ch_s20_2,2989,2989,false,true
vw_121,vid_ch_s10_0,18000,,true,true
vw_121,vid_ch_s16_1,15000,,true,true
vw_121,vid_ch_s16_0,12000,,true,true
vw_121,vid_ch_s18_2,4823,4823,false,true
vw_121,vid_ch_s01_0,18000,,true,true
vw_121,vid_ch_s05_1,1813,1813,false,true
vw_121,vid_ch_vera_0,12000,,true,true
vw_121,vid_ch_vera_1,15000,,true,true
vw_121,vid_ch_s09_1,5124,5124,false,true
vw_121,vid_ch_s11_0,9000,,true,true
vw_121,vid_ch_s11_1,18000,,true,true
vw_121,vid_ch_s19_0,12000,,true,true
vw_121,vid_ch_pix_0,2994,2994,false,true
vw_121,vid_ch_s08_0,5550,5550,false,true
vw_122,vid_ch_s03_0,10311,10311,false,true
vw_122,vid_ch_s02_0,12000,,true,true
vw_122,vid_ch_s15_1,3603,3603,false,true
vw_122,vid_ch_mei_0,5151,5151,false,true
vw_122,vid_ch_s04_0,7419,7419,false,true
vw_122,vid_ch_nova_0,18000,,true,true
vw_122,vid_ch_s15_0,5537,5537,false,true
vw_122,vid_ch_s01_2,11434,11434,false,true
vw_122,vid_ch_pix_1,12000,,true,true
vw_122,vid_ch_s17_1,6861,6861,false,true
vw_122,vid_ch_s20_2,12000,,true,true
vw_122,vid_ch_s21_1,6960,6960,false,true
vw_122,vid_ch_s16_0,5974,5974,false,true
vw_122,vid_ch_s07_1,6934,6934,false,true
vw_123,vid_ch_aki_3,15000,,true,true
vw_123,vid_ch_s04_1,18000,,true,true
vw_123,vid_ch_kai_2,4926,4926,false,true
vw_123,vid_ch_s11_3,4760,4760,false,true
vw_123,vid_ch_s02_0,4494,4494,false,true
vw_123,vid_ch_aki_1,5713,5713,false,true
vw_123,vid_ch_ray_1,1919,1919,false,true
vw_123,vid_ch_s04_2,1951,1951,false,true
vw_123,vid_ch_s19_3,4186,4186,false,true
vw_123,vid_ch_ray_0,8087,8087,false,true
vw_123,vid_ch_s02_1,5114,5114,false,true
vw_123,vid_ch_s05_1,5140,5140,false,true
vw_123,vid_ch_s06_0,3960,3960,false,true
vw_123,vid_ch_kai_1,15000,,true,true
vw_123,vid_ch_s00_1,15000,,true,true
vw_123,vid_ch_s18_2,12000,,true,true
vw_123,vid_ch_s14_0,5273,5273,false,true
vw_123,vid_ch_pix_0,11558,11558,false,true
vw_123,vid_ch_s08_2,15000,,true,true
vw_123,vid_ch_s03_0,18000,,true,true
vw_123,vid_ch_s16_0,12000,,true,true
vw_123,vid_ch_pix_1,12000,,true,true
vw_123,vid_ch_kai_0,12000,,true,true
vw_123,vid_ch_s07_1,3594,3594,false,true
vw_124,vid_ch_s13_0,15000,,true,true
vw_124,vid_ch_s01_2,3249,3249,false,true
vw_124,vid_ch_vera_1,7984,7984,false,true
vw_124,vid_ch_s19_1,12000,,true,true
vw_124,vid_ch_nova_1,7020,7020,false,true
vw_124,vid_ch_nova_0,9878,9878,false,true
vw_124,vid_ch_s13_1,3737,3737,false,true
vw_124,vid_ch_s19_3,9000,,true,true
vw_124,vid_ch_ray_1,12000,,true,true
vw_124,vid_ch_pix_2,3647,3647,false,true
vw_124,vid_ch_juno_1,9000,,true,true
vw_124,vid_ch_s09_0,2615,2615,false,true
vw_124,vid_ch_s21_0,7231,7231,false,true
vw_125,vid_ch_aki_0,4630,4630,false,true
vw_125,vid_ch_s05_1,12000,,true,true
vw_125,vid_ch_s03_0,2762,2762,false,true
vw_125,vid_ch_s04_0,15000,,true,true
vw_125,vid_ch_pix_3,9000,,true,true
vw_125,vid_ch_vera_1,4445,4445,false,true
vw_125,vid_ch_s06_2,7385,7385,false,true
vw_125,vid_ch_s13_1,15000,,true,true
vw_125,vid_ch_aki_2,5625,5625,false,true
vw_125,vid_ch_s08_1,5124,5124,false,true
vw_125,vid_ch_s09_0,5770,5770,false,true
vw_125,vid_ch_mei_0,9000,,true,true
vw_125,vid_ch_s00_1,5353,5353,false,true
vw_126,vid_ch_ray_0,10420,10420,false,true
vw_126,vid_ch_s10_0,18000,,true,true
vw_126,vid_ch_s06_0,5693,5693,false,true
vw_126,vid_ch_s14_0,18000,,true,true
vw_126,vid_ch_aki_2,12000,,true,true
vw_126,vid_ch_s15_1,8198,8198,false,true
vw_126,vid_ch_pix_1,7474,7474,false,true
vw_126,vid_ch_s17_0,2703,2703,false,true
vw_126,vid_ch_s02_2,5856,5856,false,true
vw_126,vid_ch_s17_1,4593,4593,false,true
vw_126,vid_ch_s19_0,6976,6976,false,true
vw_126,vid_ch_s13_0,15000,,true,true
vw_126,vid_ch_ray_1,6994,6994,false,true
vw_126,vid_ch_kai_1,15000,,true,true
vw_126,vid_ch_s14_1,18000,,true,true
vw_126,vid_ch_aki_1,5531,5531,false,true
vw_126,vid_ch_s01_3,4198,4198,false,true
vw_126,vid_ch_s11_2,9847,9847,false,true
vw_126,vid_ch_mei_1,9000,,true,true
vw_126,vid_ch_nova_1,5397,5397,false,true
vw_126,vid_ch_s20_1,9791,9791,false,true
vw_126,vid_ch_aki_0,9000,,true,true
vw_126,vid_ch_s11_0,5172,5172,false,true
vw_126,vid_ch_s06_2,12000,,true,true
vw_127,vid_ch_s07_0,18000,,true,true
vw_127,vid_ch_pix_3,1416,1416,false,true
vw_127,vid_ch_s13_1,6930,6930,false,true
vw_127,vid_ch_s18_0,15000,,true,true
vw_127,vid_ch_s06_2,6841,6841,false,true
vw_127,vid_ch_s08_1,2672,2672,false,true
vw_127,vid_ch_s21_2,15000,,true,true
vw_127,vid_ch_s06_1,6393,6393,false,true
vw_127,vid_ch_s12_0,1813,1813,false,true
vw_127,vid_ch_s03_1,9000,,true,true
vw_127,vid_ch_s12_3,9000,,true,true
vw_127,vid_ch_s04_0,5010,5010,false,true
vw_127,vid_ch_s21_0,2916,2916,false,true
vw_127,vid_ch_s00_0,4761,4761,false,true
vw_127,vid_ch_s01_0,18000,,true,true
vw_127,vid_ch_s01_1,9409,9409,false,true
vw_127,vid_ch_nova_0,5574,5574,false,true
vw_127,vid_ch_s01_3,12000,,true,true
vw_127,vid_ch_s15_1,2755,2755,false,true
vw_127,vid_ch_s18_1,9039,9039,false,true
vw_127,vid_ch_juno_0,4837,4837,false,true
vw_127,vid_ch_aki_2,6039,6039,false,true
vw_127,vid_ch_aki_1,5914,5914,false,true
vw_128,vid_ch_s07_0,6755,6755,false,true
vw_128,vid_ch_s16_1,7137,7137,false,true
vw_128,vid_ch_s02_2,5148,5148,false,true
vw_128,vid_ch_s20_2,12000,,true,true
vw_128,vid_ch_s11_2,18000,,true,true
vw_128,vid_ch_nova_0,11651,11651,false,true
vw_128,vid_ch_kai_1,6741,6741,false,true
vw_128,vid_ch_s14_1,6176,6176,false,true
vw_128,vid_ch_s17_0,12000,,true,true
vw_128,vid_ch_s11_3,12000,,true,true
vw_128,vid_ch_juno_0,3183,3183,false,true
vw_128,vid_ch_s19_3,9000,,true,true
vw_128,vid_ch_ray_1,2500,2500,false,true
vw_129,vid_ch_kai_1,15000,,true,true
vw_129,vid_ch_pix_0,3630,3630,false,true
vw_129,vid_ch_juno_0,12000,,true,true
vw_129,vid_ch_s12_3,9000,,true,true
vw_129,vid_ch_s16_0,12000,,true,true
vw_129,vid_ch_s08_1,15000,,true,true
vw_129,vid_ch_s04_1,5641,5641,false,true
vw_129,vid_ch_s12_0,2076,2076,false,true
vw_129,vid_ch_s19_2,5146,5146,false,true
vw_129,vid_ch_s06_2,12000,,true,true
vw_129,vid_ch_s02_1,3255,3255,false,true
vw_129,vid_ch_s08_2,6993,6993,false,true
vw_129,vid_ch_s20_0,9277,9277,false,true
vw_129,vid_ch_aki_0,9000,,true,true
vw_129,vid_ch_s01_0,18000,,true,true
vw_129,vid_ch_s02_0,5069,5069,false,true
vw_129,vid_ch_s12_2,11615,11615,false,true
vw_129,vid_ch_ray_0,8197,8197,false,true
vw_129,vid_ch_s18_2,12000,,true,true
vw_129,vid_ch_s20_2,4030,4030,false,true
vw_129,vid_ch_s00_0,12000,,true,true
vw_129,vid_ch_s11_3,4735,4735,false,true
vw_129,vid_ch_kai_2,5834,5834,false,true
vw_130,vid_ch_s12_1,2820,2820,false,true
vw_130,vid_ch_s20_2,3006,3006,false,true
vw_130,vid_ch_s13_0,15000,,true,true
vw_130,vid_ch_s10_1,6947,6947,false,true
vw_130,vid_ch_s12_2,3952,3952,false,true
vw_130,vid_ch_s18_1,18000,,true,true
vw_130,vid_ch_pix_0,18000,,true,true
vw_130,vid_ch_aki_2,5509,5509,false,true
vw_130,vid_ch_s19_0,12000,,true,true
vw_130,vid_ch_s05_0,5693,5693,false,true
vw_130,vid_ch_vera_0,12000,,true,true
vw_130,vid_ch_s06_2,6020,6020,false,true
vw_131,vid_ch_s14_0,10327,10327,false,true
vw_131,vid_ch_s02_0,2329,2329,false,true
vw_131,vid_ch_s21_1,3366,3366,false,true
vw_131,vid_ch_s05_1,6807,6807,false,true
vw_131,vid_ch_s09_0,6459,6459,false,true
vw_131,vid_ch_s06_0,4122,4122,false,true
vw_131,vid_ch_s16_2,3315,3315,false,true
vw_131,vid_ch_s16_0,7345,7345,false,true
vw_131,vid_ch_s15_1,5236,5236,false,true
vw_131,vid_ch_s17_1,12000,,true,true
vw_131,vid_ch_s18_1,5848,5848,false,true
vw_131,vid_ch_s08_0,15000,,true,true
vw_132,vid_ch_kai_0,12000,,true,true
vw_132,vid_ch_s00_1,15000,,true,true
vw_132,vid_ch_aki_3,3268,3268,false,true
vw_132,vid_ch_vera_1,9088,9088,false,true
vw_132,vid_ch_s02_1,5168,5168,false,true
vw_132,vid_ch_s02_0,12000,,true,true
vw_132,vid_ch_kai_1,7582,7582,false,true
vw_132,vid_ch_pix_0,7231,7231,false,true
vw_132,vid_ch_ray_1,2280,2280,false,true
vw_132,vid_ch_s00_0,4014,4014,false,true
vw_132,vid_ch_s03_1,9000,,true,true
vw_132,vid_ch_pix_2,15000,,true,true
vw_132,vid_ch_kai_2,1459,1459,false,true
vw_132,vid_ch_s20_0,8896,8896,false,true
vw_132,vid_ch_s14_0,18000,,true,true
vw_132,vid_ch_mei_0,9000,,true,true
vw_132,vid_ch_s17_0,4608,4608,false,true
vw_132,vid_ch_s01_1,18000,,true,true
vw_132,vid_ch_s08_2,4362,4362,false,true
vw_132,vid_ch_s05_0,4753,4753,false,true
vw_132,vid_ch_s12_3,9000,,true,true
vw_133,vid_ch_s08_2,15000,,true,true
vw_133,vid_ch_s19_2,18000,,true,true
vw_133,vid_ch_s14_0,8222,8222,false,true
vw_133,vid_ch_s02_0,2137,2137,false,true
vw_133,vid_ch_kai_1,8252,8252,false,true
vw_133,vid_ch_pix_1,7445,7445,false,true
vw_133,vid_ch_s04_1,18000,,true,true
vw_133,vid_ch_ray_0,7795,7795,false,true
vw_133,vid_ch_ray_1,12000,,true,true
vw_133,vid_ch_s04_2,12000,,true,true
vw_133,vid_ch_s05_0,2131,2131,false,true
vw_133,vid_ch_s03_1,5755,5755,false,true
vw_133,vid_ch_s18_1,9083,9083,false,true
vw_133,vid_ch_s11_2,8449,8449,false,true
vw_134,vid_ch_s08_0,15000,,true,true
vw_134,vid_ch_s15_1,10430,10430,false,true
vw_134,vid_ch_s09_0,2653,2653,false,true
vw_134,vid_ch_s07_0,11135,11135,false,true
vw_134,vid_ch_ray_1,6640,6640,false,true
vw_134,vid_ch_s14_0,5364,5364,false,true
vw_134,vid_ch_s10_0,6823,6823,false,true
vw_134,vid_ch_s19_0,6985,6985,false,true
vw_134,vid_ch_s21_2,8018,8018,false,true
vw_134,vid_ch_s02_2,15000,,true,true
vw_134,vid_ch_s21_0,7650,7650,false,true
vw_134,vid_ch_s20_0,18000,,true,true
vw_134,vid_ch_juno_1,9000,,true,true
vw_134,vid_ch_kai_1,3210,3210,false,true
vw_134,vid_ch_s20_2,12000,,true,true
vw_134,vid_ch_s13_0,6093,6093,false,true
vw_135,vid_ch_pix_2,4993,4993,false,true
vw_135,vid_ch_s16_0,12000,,true,true
vw_135,vid_ch_kai_1,15000,,true,true
vw_135,vid_ch_s00_1,15000,,true,true
vw_135,vid_ch_s12_0,5389,5389,false,true
vw_135,vid_ch_s02_2,15000,,true,true
vw_135,vid_ch_s08_0,5151,5151,false,true
vw_135,vid_ch_s06_0,4429,4429,false,true
vw_135,vid_ch_pix_0,18000,,true,true
vw_135,vid_ch_s05_2,15000,,true,true
vw_135,vid_ch_pix_1,12000,,true,true
vw_135,vid_ch_s08_1,9186,9186,false,true
vw_135,vid_ch_s12_2,6027,6027,false,true
vw_135,vid_ch_s03_0,18000,,true,true
vw_135,vid_ch_vera_1,7065,7065,false,true
vw_135,vid_ch_s20_0,9529,9529,false,true
vw_135,vid_ch_s07_0,11401,11401,false,true
vw_135,vid_ch_s20_1,4430,4430,false,true
vw_135,vid_ch_juno_1,3694,3694,false,true
vw_135,vid_ch_mei_1,9000,,true,true
vw_135,vid_ch_s04_2,7346,7346,false,true
vw_135,vid_ch_vera_0,3396,3396,false,true
vw_135,vid_ch_s19_0,1863,1863,false,true
vw_136,vid_ch_s19_2,4451,4451,false,true
vw_136,vid_ch_s07_1,18000,,true,true
vw_136,vid_ch_aki_2,12000,,true,true
vw_136,vid_ch_ray_1,4293,4293,false,true
vw_136,vid_ch_s15_1,11075,11075,false,true
vw_136,vid_ch_s13_1,3228,3228,false,true
vw_136,vid_ch_s06_0,15000,,true,true
vw_136,vid_ch_s08_0,7400,7400,false,true
vw_136,vid_ch_s01_2,18000,,true,true
vw_136,vid_ch_s12_1,6533,6533,false,true
vw_136,vid_ch_s12_2,4795,4795,false,true
vw_136,vid_ch_s04_2,2497,2497,false,true
vw_137,vid_ch_s08_1,15000,,true,true
vw_137,vid_ch_nova_0,18000,,true,true
vw_137,vid_ch_s02_0,12000,,true,true
vw_137,vid_ch_pix_0,18000,,true,true
vw_137,vid_ch_aki_3,15000,,true,true
vw_137,vid_ch_s02_2,15000,,true,true
vw_137,vid_ch_s10_0,3434,3434,false,true
vw_137,vid_ch_s06_0,5948,5948,false,true
vw_137,vid_ch_s06_1,4827,4827,false,true
vw_137,vid_ch_s14_0,8320,8320,false,true
vw_137,vid_ch_s16_2,18000,,true,true
vw_137,vid_ch_s07_1,3667,3667,false,true
vw_137,vid_ch_s20_2,5280,5280,false,true
vw_137,vid_ch_s16_1,5223,5223,false,true
vw_137,vid_ch_s11_3,12000,,true,true
vw_137,vid_ch_s03_1,9000,,true,true
vw_137,vid_ch_s19_1,12000,,true,true
vw_137,vid_ch_s14_1,18000,,true,true
vw_137,vid_ch_ray_0,9987,9987,false,true
vw_137,vid_ch_s11_0,9000,,true,true
vw_138,vid_ch_s21_0,15000,,true,true
vw_138,vid_ch_s20_1,8190,8190,false,true
vw_138,vid_ch_s00_1,15000,,true,true
vw_138,vid_ch_s01_3,2360,2360,false,true
vw_138,vid_ch_s06_1,15000,,true,true
vw_138,vid_ch_s10_1,5078,5078,false,true
vw_138,vid_ch_s04_1,18000,,true,true
vw_138,vid_ch_s13_0,5142,5142,false,true
vw_138,vid_ch_s12_0,9000,,true,true
vw_138,vid_ch_s11_1,9515,9515,false,true
vw_138,vid_ch_s16_0,12000,,true,true
vw_138,vid_ch_s16_2,10119,10119,false,true
vw_138,vid_ch_s12_3,9000,,true,true
vw_139,vid_ch_s13_0,15000,,true,true
vw_139,vid_ch_vera_1,15000,,true,true
vw_139,vid_ch_aki_3,9059,9059,false,true
vw_139,vid_ch_s20_2,6994,6994,false,true
vw_139,vid_ch_s19_0,12000,,true,true
vw_139,vid_ch_s13_1,8836,8836,false,true
vw_139,vid_ch_s18_0,4445,4445,false,true
vw_139,vid_ch_pix_0,18000,,true,true
vw_139,vid_ch_s18_1,18000,,true,true
vw_139,vid_ch_s11_2,18000,,true,true
vw_139,vid_ch_s07_0,18000,,true,true
vw_139,vid_ch_s19_2,18000,,true,true
vw_139,vid_ch_kai_0,5192,5192,false,true
vw_139,vid_ch_s10_1,12000,,true,true
vw_139,vid_ch_s15_1,9803,9803,false,true
vw_139,vid_ch_s20_0,18000,,true,true
vw_139,vid_ch_nova_0,6051,6051,false,true
vw_139,vid_ch_s12_0,3706,3706,false,true
vw_139,vid_ch_kai_2,9000,,true,true
vw_139,vid_ch_s17_0,4953,4953,false,true
vw_139,vid_ch_s10_0,5854,5854,false,true
vw_139,vid_ch_s09_0,2032,2032,false,true
vw_139,vid_ch_s20_1,7641,7641,false,true
vw_139,vid_ch_s01_0,7037,7037,false,true
vw_139,vid_ch_s04_2,12000,,true,true
vw_140,vid_ch_s10_1,6974,6974,false,true
vw_140,vid_ch_s19_3,3217,3217,false,true
vw_140,vid_ch_kai_1,6278,6278,false,true
vw_140,vid_ch_s13_1,8582,8582,false,true
vw_140,vid_ch_pix_3,9000,,true,true
vw_140,vid_ch_s06_0,8269,8269,false,true
vw_140,vid_ch_s11_3,12000,,true,true
vw_140,vid_ch_s17_0,12000,,true,true
vw_140,vid_ch_s01_1,18000,,true,true
vw_140,vid_ch_s04_1,8258,8258,false,true
vw_140,vid_ch_s17_1,6763,6763,false,true
vw_140,vid_ch_s20_0,10044,10044,false,true
vw_140,vid_ch_s14_1,18000,,true,true
vw_140,vid_ch_s06_1,8446,8446,false,true
vw_140,vid_ch_vera_0,5729,5729,false,true
vw_141,vid_ch_s06_0,5138,5138,false,true
vw_141,vid_ch_s02_2,15000,,true,true
vw_141,vid_ch_kai_2,4750,4750,false,true
vw_141,vid_ch_s18_0,15000,,true,true
vw_141,vid_ch_mei_1,5172,5172,false,true
vw_141,vid_ch_s01_2,8531,8531,false,true
vw_141,vid_ch_s19_1,4312,4312,false,true
vw_141,vid_ch_aki_3,15000,,true,true
vw_141,vid_ch_juno_0,4953,4953,false,true
vw_141,vid_ch_s00_1,5062,5062,false,true
vw_141,vid_ch_s05_0,4493,4493,false,true
vw_141,vid_ch_vera_1,5974,5974,false,true
vw_141,vid_ch_s17_0,1902,1902,false,true
vw_141,vid_ch_s15_0,6007,6007,false,true
vw_141,vid_ch_aki_2,12000,,true,true
vw_142,vid_ch_s14_0,7698,7698,false,true
vw_142,vid_ch_s00_1,2345,2345,false,true
vw_142,vid_ch_s18_2,5043,5043,false,true
vw_142,vid_ch_s19_1,3902,3902,false,true
vw_142,vid_ch_s18_1,18000,,true,true
vw_142,vid_ch_nova_1,6718,6718,false,true
vw_142,vid_ch_s11_0,9000,,true,true
vw_142,vid_ch_s16_0,12000,,true,true
vw_142,vid_ch_s03_0,4655,4655,false,true
vw_142,vid_ch_s02_0,12000,,true,true
vw_142,vid_ch_s17_0,3843,3843,false,true
vw_142,vid_ch_s03_1,2705,2705,false,true
vw_142,vid_ch_s12_3,3236,3236,false,true
vw_142,vid_ch_s06_0,6064,6064,false,true
vw_142,vid_ch_s11_1,9887,9887,false,true
vw_142,vid_ch_s16_1,5716,5716,false,true
vw_142,vid_ch_s05_0,1537,1537,false,true
vw_142,vid_ch_s19_0,12000,,true,true
vw_142,vid_ch_s01_1,11236,11236,false,true
vw_142,vid_ch_pix_1,5243,5243,false,true
vw_142,vid_ch_s21_0,2815,2815,false,true
vw_142,vid_ch_s21_2,5466,5466,false,true
vw_142,vid_ch_s17_1,5360,5360,false,true
vw_142,vid_ch_pix_0,9607,9607,false,true
vw_142,vid_ch_ray_1,12000,,true,true
vw_143,vid_ch_s12_0,9000,,true,true
vw_143,vid_ch_s08_1,15000,,true,true
vw_143,vid_ch_s01_0,11343,11343,false,true
vw_143,vid_ch_s19_0,7421,7421,false,true
vw_143,vid_ch_s19_3,2757,2757,false,true
vw_143,vid_ch_s20_1,10455,10455,false,true
vw_143,vid_ch_s11_1,18000,,true,true
vw_143,vid_ch_s12_2,3798,3798,false,true
vw_143,vid_ch_s16_1,6746,6746,false,true
vw_143,vid_ch_s09_1,5520,5520,false,true
vw_143,vid_ch_s01_3,6951,6951,false,true
vw_143,vid_ch_s18_2,7557,7557,false,true
vw_144,vid_ch_s18_2,12000,,true,true
vw_144,vid_ch_ray_1,4495,4495,false,true
vw_144,vid_ch_s03_1,9000,,true,true
vw_144,vid_ch_s06_2,12000,,true,true
vw_144,vid_ch_s04_1,7525,7525,false,true
vw_144,vid_ch_s09_0,7026,7026,false,true
vw_144,vid_ch_s15_0,5225,5225,false,true
vw_144,vid_ch_s20_0,7403,7403,false,true
vw_144,vid_ch_s05_1,6218,6218,false,true
vw_144,vid_ch_aki_2,12000,,true,true
vw_144,vid_ch_s11_0,3636,3636,false,true
vw_144,vid_ch_s19_0,12000,,true,true
vw_144,vid_ch_s16_1,15000,,true,true
vw_144,vid_ch_s11_2,3620,3620,false,true
vw_144,vid_ch_s13_1,15000,,true,true
vw_144,vid_ch_s14_1,4154,4154,false,true
vw_144,vid_ch_s18_0,15000,,true,true
vw_144,vid_ch_nova_0,3920,3920,false,true
vw_144,vid_ch_aki_0,9000,,true,true
vw_144,vid_ch_s14_0,9545,9545,false,true
vw_144,vid_ch_s08_2,3564,3564,false,true
vw_145,vid_ch_s11_1,9369,9369,false,true
vw_145,vid_ch_s12_1,8062,8062,false,true
vw_145,vid_ch_aki_0,3346,3346,false,true
vw_145,vid_ch_s19_0,12000,,true,true
vw_145,vid_ch_s11_2,18000,,true,true
vw_145,vid_ch_mei_0,3738,3738,false,true
vw_145,vid_ch_s01_2,18000,,true,true
vw_145,vid_ch_s13_0,7792,7792,false,true
vw_145,vid_ch_s03_1,3577,3577,false,true
vw_145,vid_ch_s19_2,18000,,true,true
vw_145,vid_ch_pix_3,3067,3067,false,true
vw_145,vid_ch_s16_0,12000,,true,true
vw_145,vid_ch_s21_1,15000,,true,true
vw_145,vid_ch_s05_0,9000,,true,true
vw_145,vid_ch_s01_3,2495,2495,false,true
vw_145,vid_ch_s04_2,6012,6012,false,true
vw_145,vid_ch_juno_0,4289,4289,false,true
vw_146,vid_ch_s11_0,1643,1643,false,true
vw_146,vid_ch_s02_0,12000,,true,true
vw_146,vid_ch_juno_0,12000,,true,true
vw_146,vid_ch_s07_1,9312,9312,false,true
vw_146,vid_ch_s16_1,5468,5468,false,true
vw_146,vid_ch_s15_0,12000,,true,true
vw_146,vid_ch_s20_0,7099,7099,false,true
vw_146,vid_ch_s04_1,3486,3486,false,true
vw_146,vid_ch_s05_1,7781,7781,false,true
vw_146,vid_ch_s13_1,4142,4142,false,true
vw_146,vid_ch_mei_1,2327,2327,false,true
vw_146,vid_ch_aki_2,3704,3704,false,true
vw_146,vid_ch_s04_2,3293,3293,false,true
vw_146,vid_ch_s19_2,10751,10751,false,true
vw_146,vid_ch_s09_1,4010,4010,false,true
vw_146,vid_ch_s01_2,11504,11504,false,true
vw_146,vid_ch_s03_0,8942,8942,false,true
vw_146,vid_ch_s16_2,10767,10767,false,true
vw_146,vid_ch_juno_1,9000,,true,true
vw_146,vid_ch_mei_0,9000,,true,true
vw_146,vid_ch_s06_2,6225,6225,false,true
vw_146,vid_ch_s17_1,5867,5867,false,true
vw_146,vid_ch_s21_1,5985,5985,false,true
vw_147,vid_ch_s16_1,15000,,true,true
vw_147,vid_ch_s18_0,15000,,true,true
vw_147,vid_ch_s05_2,2970,2970,false,true
vw_147,vid_ch_s01_2,3758,3758,false,true
vw_147,vid_ch_s20_1,18000,,true,true
vw_147,vid_ch_s01_0,18000,,true,true
vw_147,vid_ch_mei_0,9000,,true,true
vw_147,vid_ch_vera_0,7682,7682,false,true
vw_147,vid_ch_s18_2,12000,,true,true
vw_147,vid_ch_pix_3,9000,,true,true
vw_147,vid_ch_s19_2,10973,10973,false,true
vw_147,vid_ch_s03_0,18000,,true,true
vw_147,vid_ch_s05_0,3286,3286,false,true
vw_147,vid_ch_s08_1,15000,,true,true
vw_147,vid_ch_s19_3,2854,2854,false,true
vw_147,vid_ch_s21_0,15000,,true,true
vw_147,vid_ch_aki_0,9000,,true,true
vw_147,vid_ch_s17_1,3345,3345,false,true
vw_147,vid_ch_kai_2,4732,4732,false,true
vw_148,vid_ch_s07_0,3124,3124,false,true
vw_148,vid_ch_pix_3,2912,2912,false,true
vw_148,vid_ch_s02_2,3061,3061,false,true
vw_148,vid_ch_aki_3,2393,2393,false,true
vw_148,vid_ch_kai_2,9000,,true,true
vw_148,vid_ch_s00_1,8480,8480,false,true
vw_148,vid_ch_s04_0,15000,,true,true
vw_148,vid_ch_s01_0,6690,6690,false,true
vw_148,vid_ch_s20_1,6461,6461,false,true
vw_148,vid_ch_s01_3,12000,,true,true
vw_148,vid_ch_s19_2,18000,,true,true
vw_148,vid_ch_mei_1,3140,3140,false,true
vw_148,vid_ch_s18_0,3934,3934,false,true
vw_148,vid_ch_s19_3,9000,,true,true
vw_148,vid_ch_s17_1,2337,2337,false,true
vw_148,vid_ch_mei_0,1949,1949,false,true
vw_148,vid_ch_s02_0,2795,2795,false,true
vw_148,vid_ch_s06_2,7072,7072,false,true
vw_149,vid_ch_s02_1,9000,,true,true
vw_149,vid_ch_aki_2,12000,,true,true
vw_149,vid_ch_s02_0,4908,4908,false,true
vw_149,vid_ch_s01_0,18000,,true,true
vw_149,vid_ch_s13_0,3316,3316,false,true
vw_149,vid_ch_nova_1,12000,,true,true
vw_149,vid_ch_pix_0,18000,,true,true
vw_149,vid_ch_s01_3,2319,2319,false,true
vw_149,vid_ch_s04_0,3712,3712,false,true
vw_149,vid_ch_s18_0,7809,7809,false,true
vw_149,vid_ch_s04_1,11063,11063,false,true
vw_149,vid_ch_s10_1,3880,3880,false,true
vw_149,vid_ch_pix_3,9000,,true,true
vw_149,vid_ch_s12_1,7715,7715,false,true
vw_149,vid_ch_mei_1,9000,,true,true
vw_149,vid_ch_s11_2,18000,,true,true
vw_150,vid_ch_s16_2,18000,,true,true
vw_150,vid_ch_s15_1,18000,,true,true
vw_150,vid_ch_s08_0,15000,,true,true
vw_150,vid_ch_s12_3,9000,,true,true
vw_150,vid_ch_s19_3,4150,4150,false,true
vw_150,vid_ch_s03_0,5652,5652,false,true
vw_150,vid_ch_s04_1,9243,9243,false,true
vw_150,vid_ch_s05_1,5711,5711,false,true
vw_150,vid_ch_mei_1,9000,,true,true
vw_150,vid_ch_s04_0,3642,3642,false,true
vw_150,vid_ch_s13_1,15000,,true,true
vw_150,vid_ch_ray_0,5293,5293,false,true
vw_150,vid_ch_s09_1,15000,,true,true
vw_150,vid_ch_s06_2,6893,6893,false,true
vw_150,vid_ch_s18_2,12000,,true,true
vw_150,vid_ch_s07_0,4249,4249,false,true
vw_150,vid_ch_vera_1,8330,8330,false,true
vw_150,vid_ch_s09_0,6515,6515,false,true
vw_150,vid_ch_vera_0,12000,,true,true
vw_150,vid_ch_s07_1,6315,6315,false,true
vw_150,vid_ch_s01_3,3393,3393,false,true
vw_150,vid_ch_s21_1,15000,,true,true
vw_150,vid_ch_s11_2,9380,9380,false,true
vw_151,vid_ch_s07_1,18000,,true,true
vw_151,vid_ch_s08_1,5133,5133,false,true
vw_151,vid_ch_s16_2,5147,5147,false,true
vw_151,vid_ch_s05_1,2845,2845,false,true
vw_151,vid_ch_s11_3,2250,2250,false,true
vw_151,vid_ch_s14_0,6279,6279,false,true
vw_151,vid_ch_s21_2,15000,,true,true
vw_151,vid_ch_s20_1,18000,,true,true
vw_151,vid_ch_pix_2,2765,2765,false,true
vw_151,vid_ch_pix_3,4473,4473,false,true
vw_151,vid_ch_s09_0,12000,,true,true
vw_151,vid_ch_s13_1,6683,6683,false,true
vw_152,vid_ch_pix_0,10871,10871,false,true
vw_152,vid_ch_s13_0,7010,7010,false,true
vw_152,vid_ch_s15_0,7371,7371,false,true
vw_152,vid_ch_s01_2,5636,5636,false,true
vw_152,vid_ch_vera_0,12000,,true,true
vw_152,vid_ch_s04_2,6084,6084,false,true
vw_152,vid_ch_s20_1,3314,3314,false,true
vw_152,vid_ch_s20_0,5668,5668,false,true
vw_152,vid_ch_s05_2,15000,,true,true
vw_152,vid_ch_s17_1,6064,6064,false,true
vw_152,vid_ch_s16_1,2465,2465,false,true
vw_152,vid_ch_s21_1,6856,6856,false,true
vw_153,vid_ch_s21_1,15000,,true,true
vw_153,vid_ch_s01_1,10755,10755,false,true
vw_153,vid_ch_s19_3,3313,3313,false,true
vw_153,vid_ch_s16_0,12000,,true,true
vw_153,vid_ch_juno_1,3987,3987,false,true
vw_153,vid_ch_ray_0,11098,11098,false,true
vw_153,vid_ch_vera_1,2628,2628,false,true
vw_153,vid_ch_s20_1,7461,7461,false,true
vw_153,vid_ch_aki_2,12000,,true,true
vw_153,vid_ch_s10_1,4888,4888,false,true
vw_153,vid_ch_s01_2,11125,11125,false,true
vw_153,vid_ch_s18_1,18000,,true,true
vw_153,vid_ch_s06_1,15000,,true,true
vw_153,vid_ch_s11_0,2772,2772,false,true
vw_153,vid_ch_mei_1,9000,,true,true
vw_153,vid_ch_pix_3,9000,,true,true
vw_153,vid_ch_s16_2,11686,11686,false,true
vw_153,vid_ch_s21_0,6804,6804,false,true
vw_153,vid_ch_aki_3,15000,,true,true
vw_153,vid_ch_s14_0,4694,4694,false,true
vw_153,vid_ch_pix_2,15000,,true,true
vw_153,vid_ch_vera_0,12000,,true,true
vw_154,vid_ch_s01_3,12000,,true,true
vw_154,vid_ch_s12_1,6010,6010,false,true
vw_154,vid_ch_s01_0,18000,,true,true
vw_154,vid_ch_s21_2,7073,7073,false,true
vw_154,vid_ch_s03_0,7215,7215,false,true
vw_154,vid_ch_vera_1,15000,,true,true
vw_154,vid_ch_s08_2,15000,,true,true
vw_154,vid_ch_kai_1,15000,,true,true
vw_154,vid_ch_s21_0,15000,,true,true
vw_154,vid_ch_s21_1,3648,3648,false,true
vw_154,vid_ch_aki_0,4694,4694,false,true
vw_154,vid_ch_s01_2,18000,,true,true
vw_154,vid_ch_s07_0,7132,7132,false,true
vw_154,vid_ch_ray_1,12000,,true,true
vw_154,vid_ch_juno_0,12000,,true,true
vw_154,vid_ch_s12_3,1770,1770,false,true
vw_154,vid_ch_s13_0,15000,,true,true
vw_154,vid_ch_s00_1,15000,,true,true
vw_154,vid_ch_pix_0,2814,2814,false,true
vw_154,vid_ch_s19_3,2133,2133,false,true
vw_154,vid_ch_kai_0,4201,4201,false,true
vw_155,vid_ch_s14_1,5163,5163,false,true
vw_155,vid_ch_s03_1,2011,2011,false,true
vw_155,vid_ch_pix_3,9000,,true,true
vw_155,vid_ch_s11_1,18000,,true,true
vw_155,vid_ch_pix_0,18000,,true,true
vw_155,vid_ch_s04_1,7230,7230,false,true
vw_155,vid_ch_s05_0,5256,5256,false,true
vw_155,vid_ch_s20_1,18000,,true,true
vw_155,vid_ch_vera_1,5965,5965,false,true
vw_155,vid_ch_aki_0,9000,,true,true
vw_155,vid_ch_s21_0,2252,2252,false,true
vw_155,vid_ch_s11_2,18000,,true,true
vw_155,vid_ch_aki_3,7109,7109,false,true
vw_155,vid_ch_kai_2,3545,3545,false,true
vw_155,vid_ch_s18_2,6681,6681,false,true
vw_155,vid_ch_s04_2,2747,2747,false,true
vw_156,vid_ch_s15_0,12000,,true,true
vw_156,vid_ch_s13_1,15000,,true,true
vw_156,vid_ch_juno_0,2123,2123,false,true
vw_156,vid_ch_s06_0,2788,2788,false,true
vw_156,vid_ch_ray_1,3832,3832,false,true
vw_156,vid_ch_aki_1,12000,,true,true
vw_156,vid_ch_s03_1,9000,,true,true
vw_156,vid_ch_s20_2,6253,6253,false,true
vw_156,vid_ch_s04_0,7029,7029,false,true
vw_156,vid_ch_s17_1,3762,3762,false,true
vw_156,vid_ch_s14_0,18000,,true,true
vw_156,vid_ch_s13_0,8482,8482,false,true
vw_156,vid_ch_ray_0,18000,,true,true
vw_156,vid_ch_s09_1,2989,2989,false,true
vw_156,vid_ch_kai_0,12000,,true,true
vw_156,vid_ch_s00_1,6356,6356,false,true
vw_156,vid_ch_s19_1,1975,1975,false,true
vw_156,vid_ch_kai_2,4095,4095,false,true
vw_156,vid_ch_s19_0,3701,3701,false,true
vw_157,vid_ch_s08_0,4275,4275,false,true
vw_157,vid_ch_s05_2,5616,5616,false,true
vw_157,vid_ch_s10_0,6427,6427,false,true
vw_157,vid_ch_pix_1,1868,1868,false,true
vw_157,vid_ch_s20_1,2793,2793,false,true
vw_157,vid_ch_nova_0,10891,10891,false,true
vw_157,vid_ch_s04_2,2903,2903,false,true
vw_157,vid_ch_s18_2,1811,1811,false,true
vw_157,vid_ch_s08_1,7073,7073,false,true
vw_157,vid_ch_s15_0,12000,,true,true
vw_157,vid_ch_s10_1,12000,,true,true
vw_157,vid_ch_s11_2,8953,8953,false,true
vw_157,vid_ch_pix_2,6708,6708,false,true
vw_158,vid_ch_kai_1,15000,,true,true
vw_158,vid_ch_s20_2,12000,,true,true
vw_158,vid_ch_s06_0,3290,3290,false,true
vw_158,vid_ch_s08_1,8484,8484,false,true
vw_158,vid_ch_s12_0,4088,4088,false,true
vw_158,vid_ch_s18_2,4375,4375,false,true
vw_158,vid_ch_s11_3,12000,,true,true
vw_158,vid_ch_aki_3,5775,5775,false,true
vw_158,vid_ch_s11_2,7526,7526,false,true
vw_158,vid_ch_s16_2,4677,4677,false,true
vw_158,vid_ch_s04_1,7433,7433,false,true
vw_158,vid_ch_s01_0,5313,5313,false,true
vw_158,vid_ch_aki_0,3978,3978,false,true
vw_158,vid_ch_ray_0,18000,,true,true
vw_158,vid_ch_s06_2,7709,7709,false,true
vw_158,vid_ch_s11_0,2217,2217,false,true
vw_158,vid_ch_s05_0,9000,,true,true
vw_158,vid_ch_s19_3,3162,3162,false,true
vw_158,vid_ch_kai_0,2773,2773,false,true
vw_158,vid_ch_s03_1,2487,2487,false,true
vw_158,vid_ch_aki_2,3525,3525,false,true
vw_158,vid_ch_s11_1,18000,,true,true
vw_159,vid_ch_s21_1,15000,,true,true
vw_159,vid_ch_s14_0,18000,,true,true
vw_159,vid_ch_s14_1,8600,8600,false,true
vw_159,vid_ch_s00_1,15000,,true,true
vw_159,vid_ch_s04_2,4612,4612,false,true
vw_159,vid_ch_s03_0,18000,,true,true
vw_159,vid_ch_s11_1,4789,4789,false,true
vw_159,vid_ch_s17_1,5673,5673,false,true
vw_159,vid_ch_s15_1,6579,6579,false,true
vw_159,vid_ch_s00_0,12000,,true,true
vw_159,vid_ch_s02_2,15000,,true,true
vw_159,vid_ch_s16_2,6011,6011,false,true
vw_159,vid_ch_s01_3,7691,7691,false,true
vw_159,vid_ch_kai_0,7267,7267,false,true
vw_159,vid_ch_s19_1,7590,7590,false,true
vw_159,vid_ch_pix_0,18000,,true,true
vw_159,vid_ch_s09_0,7288,7288,false,true
vw_159,vid_ch_ray_0,10643,10643,false,true
vw_159,vid_ch_s05_1,5818,5818,false,true
vw_159,vid_ch_s20_0,9110,9110,false,true
vw_159,vid_ch_s12_0,9000,,true,true
vw_159,vid_ch_s06_0,6112,6112,false,true
vw_159,vid_ch_s08_1,4655,4655,false,true
vw_160,vid_ch_s07_0,18000,,true,true
vw_160,vid_ch_s05_2,6931,6931,false,true
vw_160,vid_ch_s09_1,9648,9648,false,true
vw_160,vid_ch_s04_1,18000,,true,true
vw_160,vid_ch_s01_0,4832,4832,false,true
vw_160,vid_ch_s15_0,12000,,true,true
vw_160,vid_ch_s20_0,3029,3029,false,true
vw_160,vid_ch_s21_0,5096,5096,false,true
vw_160,vid_ch_s21_1,15000,,true,true
vw_160,vid_ch_vera_1,15000,,true,true
vw_160,vid_ch_s16_2,18000,,true,true
vw_160,vid_ch_s13_0,15000,,true,true
vw_160,vid_ch_aki_2,6512,6512,false,true
vw_160,vid_ch_ray_0,18000,,true,true
vw_160,vid_ch_s08_0,6501,6501,false,true
vw_160,vid_ch_s01_1,6079,6079,false,true
vw_161,vid_ch_s06_1,5869,5869,false,true
vw_161,vid_ch_mei_0,2002,2002,false,true
vw_161,vid_ch_s14_1,18000,,true,true
vw_161,vid_ch_s14_0,9644,9644,false,true
vw_161,vid_ch_s05_1,12000,,true,true
vw_161,vid_ch_s05_0,9000,,true,true
vw_161,vid_ch_ray_1,2003,2003,false,true
vw_161,vid_ch_s02_2,15000,,true,true
vw_161,vid_ch_s12_3,2969,2969,false,true
vw_161,vid_ch_ray_0,4374,4374,false,true
vw_161,vid_ch_s21_1,8519,8519,false,true
vw_161,vid_ch_s19_2,10339,10339,false,true
vw_161,vid_ch_s19_0,7047,7047,false,true
vw_161,vid_ch_s18_1,9263,9263,false,true
vw_161,vid_ch_s13_1,15000,,true,true
vw_161,vid_ch_s15_0,12000,,true,true
vw_161,vid_ch_s04_2,6989,6989,false,true
vw_161,vid_ch_juno_0,12000,,true,true
vw_161,vid_ch_s08_2,15000,,true,true
vw_161,vid_ch_s20_2,12000,,true,true
vw_162,vid_ch_aki_1,12000,,true,true
vw_162,vid_ch_ray_1,7225,7225,false,true
vw_162,vid_ch_s03_1,9000,,true,true
vw_162,vid_ch_s04_0,2358,2358,false,true
vw_162,vid_ch_s05_1,7773,7773,false,true
vw_162,vid_ch_s15_0,12000,,true,true
vw_162,vid_ch_s13_1,15000,,true,true
vw_162,vid_ch_s12_2,6875,6875,false,true
vw_162,vid_ch_vera_0,3927,3927,false,true
vw_162,vid_ch_s08_1,8418,8418,false,true
vw_162,vid_ch_nova_1,2062,2062,false,true
vw_162,vid_ch_s16_2,3414,3414,false,true
vw_162,vid_ch_juno_1,1578,1578,false,true
vw_162,vid_ch_s14_1,10412,10412,false,true
vw_162,vid_ch_s17_1,3754,3754,false,true
vw_162,vid_ch_s14_0,3578,3578,false,true
vw_163,vid_ch_s21_2,15000,,true,true
vw_163,vid_ch_s14_1,4723,4723,false,true
vw_163,vid_ch_s12_2,9054,9054,false,true
vw_163,vid_ch_juno_1,9000,,true,true
vw_163,vid_ch_s19_1,4547,4547,false,true
vw_163,vid_ch_s05_1,12000,,true,true
vw_163,vid_ch_s12_3,4959,4959,false,true
vw_163,vid_ch_s01_0,7695,7695,false,true
vw_163,vid_ch_s06_1,4542,4542,false,true
vw_163,vid_ch_s10_0,6768,6768,false,true
vw_163,vid_ch_s03_0,5657,5657,false,true
vw_163,vid_ch_s19_2,18000,,true,true
vw_163,vid_ch_pix_0,9425,9425,false,true
vw_163,vid_ch_s00_0,12000,,true,true
vw_163,vid_ch_vera_1,3854,3854,false,true
vw_163,vid_ch_s20_0,18000,,true,true
vw_163,vid_ch_s21_1,3215,3215,false,true
vw_163,vid_ch_s05_0,1535,1535,false,true
vw_163,vid_ch_aki_3,2745,2745,false,true
vw_163,vid_ch_s16_2,18000,,true,true
vw_163,vid_ch_s12_1,10458,10458,false,true
vw_163,vid_ch_s12_0,5130,5130,false,true
vw_163,vid_ch_s15_0,12000,,true,true
vw_164,vid_ch_s06_1,9610,9610,false,true
vw_164,vid_ch_s20_1,11463,11463,false,true
vw_164,vid_ch_vera_1,5615,5615,false,true
vw_164,vid_ch_s18_1,8955,8955,false,true
vw_164,vid_ch_s03_1,9000,,true,true
vw_164,vid_ch_s11_3,12000,,true,true
vw_164,vid_ch_s03_0,18000,,true,true
vw_164,vid_ch_s02_2,15000,,true,true
vw_164,vid_ch_s00_1,6690,6690,false,true
vw_164,vid_ch_s04_1,3947,3947,false,true
vw_164,vid_ch_s17_1,12000,,true,true
vw_164,vid_ch_s01_0,18000,,true,true
vw_164,vid_ch_s19_0,5365,5365,false,true
vw_164,vid_ch_nova_1,12000,,true,true
vw_164,vid_ch_pix_2,15000,,true,true
vw_164,vid_ch_s04_2,5715,5715,false,true
vw_164,vid_ch_s08_0,15000,,true,true
vw_164,vid_ch_s16_0,6762,6762,false,true
vw_164,vid_ch_s08_2,15000,,true,true
vw_164,vid_ch_s13_1,15000,,true,true
vw_165,vid_ch_s20_2,3630,3630,false,true
vw_165,vid_ch_nova_1,3711,3711,false,true
vw_165,vid_ch_s07_1,6653,6653,false,true
vw_165,vid_ch_s04_2,6107,6107,false,true
vw_165,vid_ch_s18_2,7645,7645,false,true
vw_165,vid_ch_s02_2,15000,,true,true
vw_165,vid_ch_pix_0,8806,8806,false,true
vw_165,vid_ch_s00_0,12000,,true,true
vw_165,vid_ch_aki_2,12000,,true,true
vw_165,vid_ch_pix_2,15000,,true,true
vw_165,vid_ch_s10_0,8710,8710,false,true
vw_165,vid_ch_s14_1,9039,9039,false,true
vw_165,vid_ch_mei_1,9000,,true,true
vw_165,vid_ch_s11_2,5399,5399,false,true
vw_165,vid_ch_ray_1,4666,4666,false,true
vw_166,vid_ch_nova_0,2956,2956,false,true
vw_166,vid_ch_kai_1,2728,2728,false,true
vw_166,vid_ch_s06_1,15000,,true,true
vw_166,vid_ch_pix_3,5015,5015,false,true
vw_166,vid_ch_aki_0,3574,3574,false,true
vw_166,vid_ch_s02_0,4561,4561,false,true
vw_166,vid_ch_s04_2,12000,,true,true
vw_166,vid_ch_s19_3,9000,,true,true
vw_166,vid_ch_aki_3,15000,,true,true
vw_166,vid_ch_s08_1,8531,8531,false,true
vw_166,vid_ch_kai_0,4467,4467,false,true
vw_166,vid_ch_s00_1,5141,5141,false,true
vw_166,vid_ch_vera_1,15000,,true,true
vw_166,vid_ch_s19_1,12000,,true,true
vw_166,vid_ch_nova_1,5891,5891,false,true
vw_166,vid_ch_s01_3,4125,4125,false,true
vw_166,vid_ch_s15_0,12000,,true,true
vw_166,vid_ch_s01_1,7032,7032,false,true
vw_166,vid_ch_s10_1,12000,,true,true
vw_167,vid_ch_s04_2,4238,4238,false,true
vw_167,vid_ch_s19_3,2095,2095,false,true
vw_167,vid_ch_aki_2,1843,1843,false,true
vw_167,vid_ch_aki_1,5543,5543,false,true
vw_167,vid_ch_vera_0,2940,2940,false,true
vw_167,vid_ch_s21_1,7580,7580,false,true
vw_167,vid_ch_s08_1,3434,3434,false,true
vw_167,vid_ch_s03_0,18000,,true,true
vw_167,vid_ch_s02_1,9000,,true,true
vw_167,vid_ch_s05_1,12000,,true,true
vw_167,vid_ch_pix_1,5558,5558,false,true
vw_167,vid_ch_s00_0,12000,,true,true
vw_167,vid_ch_s06_1,7348,7348,false,true
vw_167,vid_ch_s01_1,18000,,true,true
vw_167,vid_ch_s01_3,2612,2612,false,true
vw_167,vid_ch_s07_1,18000,,true,true
vw_167,vid_ch_s01_0,18000,,true,true
vw_167,vid_ch_s05_0,9000,,true,true
vw_167,vid_ch_s14_1,6698,6698,false,true
vw_167,vid_ch_s16_2,8895,8895,false,true
vw_167,vid_ch_kai_2,2210,2210,false,true
vw_167,vid_ch_pix_0,18000,,true,true
vw_167,vid_ch_s15_0,3832,3832,false,true
vw_168,vid_ch_s21_2,4209,4209,false,true
vw_168,vid_ch_s04_2,5367,5367,false,true
vw_168,vid_ch_s20_2,3026,3026,false,true
vw_168,vid_ch_s05_2,8606,8606,false,true
vw_168,vid_ch_pix_2,8709,8709,false,true
vw_168,vid_ch_s20_1,18000,,true,true
vw_168,vid_ch_mei_0,3650,3650,false,true
vw_168,vid_ch_s07_1,9517,9517,false,true
vw_168,vid_ch_s04_0,5284,5284,false,true
vw_168,vid_ch_s00_0,5354,5354,false,true
vw_168,vid_ch_s08_0,4166,4166,false,true
vw_168,vid_ch_s02_2,15000,,true,true
vw_168,vid_ch_pix_3,2486,2486,false,true
vw_168,vid_ch_kai_1,15000,,true,true
vw_168,vid_ch_s06_2,12000,,true,true
vw_168,vid_ch_s18_2,6994,6994,false,true
vw_168,vid_ch_s21_0,4491,4491,false,true
vw_168,vid_ch_s19_3,5489,5489,false,true
vw_168,vid_ch_s03_0,9972,9972,false,true
vw_168,vid_ch_juno_1,4159,4159,false,true
vw_168,vid_ch_pix_0,6805,6805,false,true
vw_168,vid_ch_s05_0,2106,2106,false,true
vw_169,vid_ch_kai_1,2663,2663,false,true
vw_169,vid_ch_juno_1,9000,,true,true
vw_169,vid_ch_aki_3,15000,,true,true
vw_169,vid_ch_s04_0,15000,,true,true
vw_169,vid_ch_s20_2,5069,5069,false,true
vw_169,vid_ch_s10_1,2442,2442,false,true
vw_169,vid_ch_s07_0,18000,,true,true
vw_169,vid_ch_s09_0,6298,6298,false,true
vw_169,vid_ch_s03_0,18000,,true,true
vw_169,vid_ch_s12_0,3089,3089,false,true
vw_169,vid_ch_s12_1,6911,6911,false,true
vw_169,vid_ch_s01_2,4788,4788,false,true
vw_169,vid_ch_s16_2,9272,9272,false,true
vw_170,vid_ch_s11_1,18000,,true,true
vw_170,vid_ch_s02_0,12000,,true,true
vw_170,vid_ch_s11_0,3218,3218,false,true
vw_170,vid_ch_kai_0,2173,2173,false,true
vw_170,vid_ch_s05_1,12000,,true,true
vw_170,vid_ch_kai_1,4410,4410,false,true
vw_170,vid_ch_pix_1,12000,,true,true
vw_170,vid_ch_s15_0,6807,6807,false,true
vw_170,vid_ch_s08_1,15000,,true,true
vw_170,vid_ch_nova_0,18000,,true,true
vw_170,vid_ch_vera_1,15000,,true,true
vw_170,vid_ch_s00_1,6291,6291,false,true
vw_170,vid_ch_s18_0,15000,,true,true
vw_170,vid_ch_s12_1,9907,9907,false,true
vw_170,vid_ch_s03_0,6682,6682,false,true
vw_170,vid_ch_s21_1,3374,3374,false,true
vw_170,vid_ch_s12_3,5070,5070,false,true
vw_170,vid_ch_s05_2,15000,,true,true
vw_171,vid_ch_s04_1,8792,8792,false,true
vw_171,vid_ch_aki_3,15000,,true,true
vw_171,vid_ch_s19_2,4485,4485,false,true
vw_171,vid_ch_s21_2,7650,7650,false,true
vw_171,vid_ch_kai_2,3151,3151,false,true
vw_171,vid_ch_s14_0,7165,7165,false,true
vw_171,vid_ch_kai_0,4481,4481,false,true
vw_171,vid_ch_s10_0,2978,2978,false,true
vw_171,vid_ch_s06_0,9057,9057,false,true
vw_171,vid_ch_s12_0,9000,,true,true
vw_171,vid_ch_s02_0,2605,2605,false,true
vw_171,vid_ch_s20_1,4584,4584,false,true
vw_171,vid_ch_s13_1,15000,,true,true
vw_171,vid_ch_nova_1,2217,2217,false,true
vw_171,vid_ch_aki_1,12000,,true,true
vw_171,vid_ch_s11_0,3695,3695,false,true
vw_171,vid_ch_pix_3,4603,4603,false,true
vw_171,vid_ch_s05_1,7486,7486,false,true
vw_171,vid_ch_mei_1,9000,,true,true
vw_171,vid_ch_s20_0,7232,7232,false,true
vw_171,vid_ch_s01_0,6211,6211,false,true
vw_171,vid_ch_nova_0,10760,10760,false,true
vw_171,vid_ch_s11_1,8950,8950,false,true
vw_171,vid_ch_vera_0,7575,7575,false,true
vw_171,vid_ch_kai_1,15000,,true,true
vw_172,vid_ch_pix_1,5331,5331,false,true
vw_172,vid_ch_s21_1,6151,6151,false,true
vw_172,vid_ch_s09_0,7501,7501,false,true
vw_172,vid_ch_mei_1,5104,5104,false,true
vw_172,vid_ch_s13_0,15000,,true,true
vw_172,vid_ch_s00_1,9108,9108,false,true
vw_172,vid_ch_s21_2,15000,,true,true
vw_172,vid_ch_s19_3,9000,,true,true
vw_172,vid_ch_aki_1,2197,2197,false,true
vw_172,vid_ch_s11_0,1562,1562,false,true
vw_172,vid_ch_s01_2,18000,,true,true
vw_172,vid_ch_kai_1,4037,4037,false,true
vw_172,vid_ch_s19_2,18000,,true,true
vw_172,vid_ch_s04_0,8049,8049,false,true
vw_172,vid_ch_s20_0,18000,,true,true
vw_172,vid_ch_s17_1,2647,2647,false,true
vw_172,vid_ch_s11_1,4345,4345,false,true
vw_172,vid_ch_kai_0,3809,3809,false,true
vw_172,vid_ch_s05_0,5780,5780,false,true
vw_172,vid_ch_s11_3,4430,4430,false,true
vw_172,vid_ch_s14_0,9399,9399,false,true
vw_173,vid_ch_ray_1,2179,2179,false,true
vw_173,vid_ch_juno_1,2284,2284,false,true
vw_173,vid_ch_s01_2,3607,3607,false,true
vw_173,vid_ch_s14_1,5405,5405,false,true
vw_173,vid_ch_kai_2,3249,3249,false,true
vw_173,vid_ch_s05_2,15000,,true,true
vw_173,vid_ch_s07_1,7202,7202,false,true
vw_173,vid_ch_s16_2,4553,4553,false,true
vw_173,vid_ch_pix_1,5908,5908,false,true
vw_173,vid_ch_s01_3,12000,,true,true
vw_173,vid_ch_s04_0,9007,9007,false,true
vw_173,vid_ch_juno_0,12000,,true,true
vw_173,vid_ch_s13_1,6368,6368,false,true
vw_173,vid_ch_s12_0,4723,4723,false,true
vw_173,vid_ch_aki_0,2562,2562,false,true
vw_173,vid_ch_s17_1,12000,,true,true
vw_173,vid_ch_s03_0,18000,,true,true
vw_173,vid_ch_s17_0,12000,,true,true
vw_173,vid_ch_s20_2,12000,,true,true
vw_174,vid_ch_vera_0,12000,,true,true
vw_174,vid_ch_ray_1,5009,5009,false,true
vw_174,vid_ch_ray_0,8999,8999,false,true
vw_174,vid_ch_s18_2,12000,,true,true
vw_174,vid_ch_s19_3,3689,3689,false,true
vw_174,vid_ch_aki_1,12000,,true,true
vw_174,vid_ch_s18_0,15000,,true,true
vw_174,vid_ch_s19_1,4128,4128,false,true
vw_174,vid_ch_mei_0,2639,2639,false,true
vw_174,vid_ch_nova_1,7357,7357,false,true
vw_174,vid_ch_s20_1,7372,7372,false,true
vw_174,vid_ch_s11_2,4563,4563,false,true
vw_174,vid_ch_s21_1,15000,,true,true
vw_174,vid_ch_s00_0,12000,,true,true
vw_174,vid_ch_s19_2,9421,9421,false,true
vw_174,vid_ch_s11_0,4390,4390,false,true
vw_174,vid_ch_s03_1,9000,,true,true
vw_174,vid_ch_s13_0,7721,7721,false,true
vw_174,vid_ch_s20_0,7233,7233,false,true
vw_174,vid_ch_pix_2,7348,7348,false,true
vw_174,vid_ch_mei_1,9000,,true,true
vw_174,vid_ch_s04_1,2836,2836,false,true
vw_174,vid_ch_s14_0,18000,,true,true
vw_174,vid_ch_s16_2,10245,10245,false,true
vw_175,vid_ch_s13_0,15000,,true,true
vw_175,vid_ch_aki_3,15000,,true,true
vw_175,vid_ch_s16_1,15000,,true,true
vw_175,vid_ch_s11_3,12000,,true,true
vw_175,vid_ch_kai_2,9000,,true,true
vw_175,vid_ch_ray_0,18000,,true,true
vw_175,vid_ch_s05_2,5356,5356,false,true
vw_175,vid_ch_s12_2,7966,7966,false,true
vw_175,vid_ch_s07_0,18000,,true,true
vw_175,vid_ch_aki_1,12000,,true,true
vw_175,vid_ch_s04_1,18000,,true,true
vw_175,vid_ch_kai_1,9595,9595,false,true
vw_175,vid_ch_s14_0,18000,,true,true
vw_175,vid_ch_vera_0,12000,,true,true
vw_175,vid_ch_juno_1,9000,,true,true
vw_175,vid_ch_s09_1,4229,4229,false,true
vw_175,vid_ch_s21_0,9445,9445,false,true
vw_175,vid_ch_s01_2,18000,,true,true
vw_175,vid_ch_s00_1,9541,9541,false,true
vw_175,vid_ch_s13_1,7895,7895,false,true
vw_175,vid_ch_kai_0,12000,,true,true
vw_175,vid_ch_s08_0,9319,9319,false,true
vw_175,vid_ch_s06_2,6567,6567,false,true
vw_175,vid_ch_s01_1,8132,8132,false,true
vw_175,vid_ch_ray_1,6781,6781,false,true
vw_176,vid_ch_kai_2,3154,3154,false,true
vw_176,vid_ch_nova_0,8577,8577,false,true
vw_176,vid_ch_s15_0,12000,,true,true
vw_176,vid_ch_s11_0,5158,5158,false,true
vw_176,vid_ch_s06_0,5630,5630,false,true
vw_176,vid_ch_s21_2,3036,3036,false,true
vw_176,vid_ch_s09_0,5142,5142,false,true
vw_176,vid_ch_ray_0,8656,8656,false,true
vw_176,vid_ch_kai_1,2693,2693,false,true
vw_176,vid_ch_mei_0,4484,4484,false,true
vw_176,vid_ch_s20_0,18000,,true,true
vw_176,vid_ch_s16_2,10108,10108,false,true
vw_176,vid_ch_vera_0,5032,5032,false,true
vw_176,vid_ch_pix_2,15000,,true,true
vw_176,vid_ch_s11_2,18000,,true,true
vw_177,vid_ch_s05_0,1736,1736,false,true
vw_177,vid_ch_vera_0,12000,,true,true
vw_177,vid_ch_s16_2,18000,,true,true
vw_177,vid_ch_s09_1,15000,,true,true
vw_177,vid_ch_s03_0,18000,,true,true
vw_177,vid_ch_s16_0,4652,4652,false,true
vw_177,vid_ch_s01_3,2147,2147,false,true
vw_177,vid_ch_s18_0,15000,,true,true
vw_177,vid_ch_s00_0,12000,,true,true
vw_177,vid_ch_s01_1,7700,7700,false,true
vw_177,vid_ch_pix_1,3639,3639,false,true
vw_177,vid_ch_s19_2,7709,7709,false,true
vw_177,vid_ch_s18_2,4612,4612,false,true
vw_177,vid_ch_s15_0,12000,,true,true
vw_177,vid_ch_s04_0,7104,7104,false,true
vw_178,vid_ch_s03_0,18000,,true,true
vw_178,vid_ch_aki_2,4969,4969,false,true
vw_178,vid_ch_s11_0,9000,,true,true
vw_178,vid_ch_s06_0,15000,,true,true
vw_178,vid_ch_s07_1,18000,,true,true
vw_178,vid_ch_kai_1,4355,4355,false,true
vw_178,vid_ch_s04_0,3210,3210,false,true
vw_178,vid_ch_s14_1,10246,10246,false,true
vw_178,vid_ch_s17_0,3752,3752,false,true
vw_178,vid_ch_s07_0,4772,4772,false,true
vw_178,vid_ch_aki_0,5727,5727,false,true
vw_178,vid_ch_s19_2,3448,3448,false,true
vw_178,vid_ch_s20_0,18000,,true,true
vw_178,vid_ch_s11_3,4601,4601,false,true
vw_178,vid_ch_pix_2,4775,4775,false,true
vw_178,vid_ch_kai_2,9000,,true,true
vw_178,vid_ch_s00_1,3338,3338,false,true
vw_178,vid_ch_s06_1,8396,8396,false,true
vw_178,vid_ch_s17_1,2681,2681,false,true
vw_178,vid_ch_s13_1,2555,2555,false,true
vw_178,vid_ch_s09_1,15000,,true,true
vw_178,vid_ch_vera_0,12000,,true,true
vw_179,vid_ch_s09_0,7001,7001,false,true
vw_179,vid_ch_s00_0,6535,6535,false,true
vw_179,vid_ch_s14_0,9349,9349,false,true
vw_179,vid_ch_s12_3,2663,2663,false,true
vw_179,vid_ch_s15_0,2867,2867,false,true
vw_179,vid_ch_s05_2,15000,,true,true
vw_179,vid_ch_s13_1,8096,8096,false,true
vw_179,vid_ch_mei_1,1457,1457,false,true
vw_179,vid_ch_s10_0,6647,6647,false,true
vw_179,vid_ch_vera_0,6559,6559,false,true
vw_179,vid_ch_nova_0,18000,,true,true
vw_179,vid_ch_s17_1,6852,6852,false,true
vw_179,vid_ch_s13_0,2849,2849,false,true
vw_179,vid_ch_s15_1,6294,6294,false,true
vw_179,vid_ch_s10_1,7415,7415,false,true
vw_179,vid_ch_s04_1,5181,5181,false,true
vw_179,vid_ch_s01_2,6677,6677,false,true
vw_179,vid_ch_s06_1,2494,2494,false,true
vw_179,vid_ch_s01_1,8341,8341,false,true
vw_179,vid_ch_s19_0,3295,3295,false,true
vw_179,vid_ch_s03_0,8808,8808,false,true
vw_180,vid_ch_s12_2,5361,5361,false,true
vw_180,vid_ch_s18_1,18000,,true,true
vw_180,vid_ch_s17_1,4264,4264,false,true
vw_180,vid_ch_s03_1,2350,2350,false,true
vw_180,vid_ch_s17_0,3929,3929,false,true
vw_180,vid_ch_s12_1,18000,,true,true
vw_180,vid_ch_s06_2,12000,,true,true
vw_180,vid_ch_s03_0,18000,,true,true
vw_180,vid_ch_s05_1,4408,4408,false,true
vw_180,vid_ch_s01_2,10973,10973,false,true
vw_180,vid_ch_aki_2,5750,5750,false,true
vw_180,vid_ch_nova_1,6289,6289,false,true
vw_180,vid_ch_s16_0,12000,,true,true
vw_180,vid_ch_pix_0,18000,,true,true
vw_180,vid_ch_s19_2,8333,8333,false,true
vw_180,vid_ch_s10_0,18000,,true,true
vw_180,vid_ch_s04_1,3548,3548,false,true
vw_180,vid_ch_vera_1,2285,2285,false,true
vw_180,vid_ch_s13_1,15000,,true,true
vw_181,vid_ch_s16_2,18000,,true,true
vw_181,vid_ch_s00_1,8660,8660,false,true
vw_181,vid_ch_aki_1,12000,,true,true
vw_181,vid_ch_s01_1,6645,6645,false,true
vw_181,vid_ch_s21_1,15000,,true,true
vw_181,vid_ch_s18_1,9765,9765,false,true
vw_181,vid_ch_nova_1,4558,4558,false,true
vw_181,vid_ch_s05_1,3693,3693,false,true
vw_181,vid_ch_s11_0,4157,4157,false,true
vw_181,vid_ch_juno_0,4007,4007,false,true
vw_181,vid_ch_s21_0,6700,6700,false,true
vw_181,vid_ch_s05_0,4145,4145,false,true
vw_181,vid_ch_s02_0,12000,,true,true
vw_181,vid_ch_s19_2,18000,,true,true
vw_181,vid_ch_aki_0,9000,,true,true
vw_181,vid_ch_s20_2,6004,6004,false,true
vw_181,vid_ch_s16_1,5489,5489,false,true
vw_181,vid_ch_s19_1,12000,,true,true
vw_181,vid_ch_s13_1,15000,,true,true
vw_181,vid_ch_kai_0,6277,6277,false,true
vw_181,vid_ch_s20_1,3779,3779,false,true
vw_181,vid_ch_s01_0,4197,4197,false,true
vw_181,vid_ch_s08_1,3375,3375,false,true
vw_181,vid_ch_s04_0,3572,3572,false,true
vw_182,vid_ch_vera_1,7862,7862,false,true
vw_182,vid_ch_aki_2,6150,6150,false,true
vw_182,vid_ch_kai_0,12000,,true,true
vw_182,vid_ch_s04_1,8370,8370,false,true
vw_182,vid_ch_pix_1,12000,,true,true
vw_182,vid_ch_s05_1,12000,,true,true
vw_182,vid_ch_s21_0,2664,2664,false,true
vw_182,vid_ch_s07_0,9476,9476,false,true
vw_182,vid_ch_s04_2,1826,1826,false,true
vw_182,vid_ch_s19_3,2854,2854,false,true
vw_182,vid_ch_s16_1,7220,7220,false,true
vw_182,vid_ch_s05_2,4719,4719,false,true
vw_182,vid_ch_s20_0,18000,,true,true
vw_182,vid_ch_s03_1,5542,5542,false,true
vw_182,vid_ch_s14_0,8774,8774,false,true
vw_182,vid_ch_s21_1,3940,3940,false,true
vw_182,vid_ch_s11_1,18000,,true,true
vw_182,vid_ch_s21_2,8612,8612,false,true
vw_182,vid_ch_s19_2,18000,,true,true
vw_182,vid_ch_aki_3,4456,4456,false,true
vw_183,vid_ch_s19_1,5179,5179,false,true
vw_183,vid_ch_s11_2,11563,11563,false,true
vw_183,vid_ch_s07_1,18000,,true,true
vw_183,vid_ch_s20_1,3114,3114,false,true
vw_183,vid_ch_s04_1,5756,5756,false,true
vw_183,vid_ch_s00_0,12000,,true,true
vw_183,vid_ch_s12_2,6848,6848,false,true
vw_183,vid_ch_s10_0,18000,,true,true
vw_183,vid_ch_vera_0,3912,3912,false,true
vw_183,vid_ch_nova_0,6880,6880,false,true
vw_183,vid_ch_s11_1,6931,6931,false,true
vw_183,vid_ch_s06_2,12000,,true,true
vw_183,vid_ch_s12_1,18000,,true,true
vw_183,vid_ch_pix_1,12000,,true,true
vw_183,vid_ch_s14_0,18000,,true,true
vw_183,vid_ch_s20_0,4151,4151,false,true
vw_183,vid_ch_s13_0,15000,,true,true
vw_183,vid_ch_s17_0,5647,5647,false,true
vw_184,vid_ch_s06_2,3851,3851,false,true
vw_184,vid_ch_s19_2,18000,,true,true
vw_184,vid_ch_s00_1,15000,,true,true
vw_184,vid_ch_s18_2,4341,4341,false,true
vw_184,vid_ch_s08_1,8476,8476,false,true
vw_184,vid_ch_s12_0,4290,4290,false,true
vw_184,vid_ch_s07_0,18000,,true,true
vw_184,vid_ch_aki_3,8344,8344,false,true
vw_184,vid_ch_mei_1,3418,3418,false,true
vw_184,vid_ch_vera_1,15000,,true,true
vw_184,vid_ch_s07_1,18000,,true,true
vw_184,vid_ch_s01_3,12000,,true,true
vw_184,vid_ch_s02_1,5421,5421,false,true
vw_184,vid_ch_s15_1,18000,,true,true
vw_184,vid_ch_ray_0,18000,,true,true
vw_184,vid_ch_s11_1,4812,4812,false,true
vw_184,vid_ch_s11_3,6627,6627,false,true
vw_184,vid_ch_s14_0,9142,9142,false,true
vw_184,vid_ch_juno_1,9000,,true,true
vw_185,vid_ch_aki_3,2952,2952,false,true
vw_185,vid_ch_aki_2,3645,3645,false,true
vw_185,vid_ch_s09_1,6605,6605,false,true
vw_185,vid_ch_s04_0,6815,6815,false,true
vw_185,vid_ch_s08_0,15000,,true,true
vw_185,vid_ch_aki_0,3349,3349,false,true
vw_185,vid_ch_s19_3,4342,4342,false,true
vw_185,vid_ch_s12_1,18000,,true,true
vw_185,vid_ch_s11_3,12000,,true,true
vw_185,vid_ch_s18_1,18000,,true,true
vw_185,vid_ch_s18_0,9186,9186,false,true
vw_185,vid_ch_s06_2,5303,5303,false,true
vw_185,vid_ch_s05_2,8758,8758,false,true
vw_185,vid_ch_s05_0,9000,,true,true
vw_185,vid_ch_s09_0,3096,3096,false,true
vw_186,vid_ch_s12_1,6413,6413,false,true
vw_186,vid_ch_s04_0,4772,4772,false,true
vw_186,vid_ch_s02_2,15000,,true,true
vw_186,vid_ch_s20_0,9745,9745,false,true
vw_186,vid_ch_pix_2,7649,7649,false,true
vw_186,vid_ch_vera_1,7639,7639,false,true
vw_186,vid_ch_s11_1,6077,6077,false,true
vw_186,vid_ch_s11_2,5371,5371,false,true
vw_186,vid_ch_s18_2,12000,,true,true
vw_186,vid_ch_s19_2,3937,3937,false,true
vw_186,vid_ch_s07_0,11405,11405,false,true
vw_186,vid_ch_aki_0,9000,,true,true
vw_186,vid_ch_s21_1,15000,,true,true
vw_186,vid_ch_ray_1,6431,6431,false,true
vw_186,vid_ch_nova_1,12000,,true,true
vw_186,vid_ch_s03_0,18000,,true,true
vw_186,vid_ch_s16_0,12000,,true,true
vw_186,vid_ch_kai_2,3017,3017,false,true
vw_186,vid_ch_s02_0,3313,3313,false,true
vw_186,vid_ch_mei_0,9000,,true,true
vw_186,vid_ch_s00_0,12000,,true,true
vw_186,vid_ch_pix_0,8273,8273,false,true
vw_186,vid_ch_s15_0,6760,6760,false,true
vw_187,vid_ch_s13_0,4437,4437,false,true
vw_187,vid_ch_kai_1,5377,5377,false,true
vw_187,vid_ch_s02_0,2998,2998,false,true
vw_187,vid_ch_juno_1,9000,,true,true
vw_187,vid_ch_s15_0,4565,4565,false,true
vw_187,vid_ch_s05_0,3783,3783,false,true
vw_187,vid_ch_vera_0,12000,,true,true
vw_187,vid_ch_s05_2,15000,,true,true
vw_187,vid_ch_s19_1,3307,3307,false,true
vw_187,vid_ch_kai_0,12000,,true,true
vw_187,vid_ch_mei_1,2075,2075,false,true
vw_187,vid_ch_s17_0,2160,2160,false,true
vw_187,vid_ch_s04_2,12000,,true,true
vw_187,vid_ch_s07_0,18000,,true,true
vw_187,vid_ch_s01_2,18000,,true,true
vw_187,vid_ch_s12_1,3916,3916,false,true
vw_188,vid_ch_s10_0,4107,4107,false,true
vw_188,vid_ch_s04_1,18000,,true,true
vw_188,vid_ch_s18_2,5492,5492,false,true
vw_188,vid_ch_s09_0,7241,7241,false,true
vw_188,vid_ch_s00_1,4962,4962,false,true
vw_188,vid_ch_s11_1,18000,,true,true
vw_188,vid_ch_aki_2,2411,2411,false,true
vw_188,vid_ch_s12_3,2175,2175,false,true
vw_188,vid_ch_s04_0,5268,5268,false,true
vw_188,vid_ch_s04_2,6558,6558,false,true
vw_188,vid_ch_juno_0,7755,7755,false,true
vw_188,vid_ch_s13_0,15000,,true,true
vw_188,vid_ch_kai_2,5112,5112,false,true
vw_188,vid_ch_s12_1,11238,11238,false,true
vw_188,vid_ch_s14_0,10156,10156,false,true
vw_188,vid_ch_s14_1,7046,7046,false,true
vw_188,vid_ch_s01_2,5471,5471,false,true
vw_188,vid_ch_s08_2,6024,6024,false,true
vw_188,vid_ch_mei_1,3498,3498,false,true
vw_188,vid_ch_s05_0,9000,,true,true
vw_188,vid_ch_aki_1,2178,2178,false,true
vw_188,vid_ch_s01_3,6488,6488,false,true
vw_188,vid_ch_aki_0,3082,3082,false,true
vw_188,vid_ch_s19_3,3810,3810,false,true
vw_188,vid_ch_pix_2,15000,,true,true
vw_189,vid_ch_s11_2,18000,,true,true
vw_189,vid_ch_s00_0,6883,6883,false,true
vw_189,vid_ch_pix_3,2232,2232,false,true
vw_189,vid_ch_s10_1,12000,,true,true
vw_189,vid_ch_s06_0,15000,,true,true
vw_189,vid_ch_ray_1,1943,1943,false,true
vw_189,vid_ch_s18_0,15000,,true,true
vw_189,vid_ch_s04_1,9358,9358,false,true
vw_189,vid_ch_vera_1,5603,5603,false,true
vw_189,vid_ch_aki_0,9000,,true,true
vw_189,vid_ch_aki_2,12000,,true,true
vw_189,vid_ch_s02_1,2001,2001,false,true
vw_189,vid_ch_s12_3,9000,,true,true
vw_190,vid_ch_s05_2,15000,,true,true
vw_190,vid_ch_s11_1,6968,6968,false,true
vw_190,vid_ch_s04_0,15000,,true,true
vw_190,vid_ch_s20_0,6958,6958,false,true
vw_190,vid_ch_s10_1,5587,5587,false,true
vw_190,vid_ch_s07_1,4181,4181,false,true
vw_190,vid_ch_s17_1,1952,1952,false,true
vw_190,vid_ch_juno_0,5732,5732,false,true
vw_190,vid_ch_s07_0,18000,,true,true
vw_190,vid_ch_vera_1,3394,3394,false,true
vw_190,vid_ch_s12_0,2693,2693,false,true
vw_190,vid_ch_s02_2,15000,,true,true
vw_190,vid_ch_pix_2,6615,6615,false,true
vw_190,vid_ch_nova_1,2924,2924,false,true
vw_190,vid_ch_s10_0,8322,8322,false,true
vw_191,vid_ch_s01_1,4736,4736,false,true
vw_191,vid_ch_vera_1,15000,,true,true
vw_191,vid_ch_s19_2,6336,6336,false,true
vw_191,vid_ch_aki_3,15000,,true,true
vw_191,vid_ch_s13_0,5170,5170,false,true
vw_191,vid_ch_s20_0,9192,9192,false,true
vw_191,vid_ch_s04_0,8161,8161,false,true
vw_191,vid_ch_s06_1,15000,,true,true
vw_191,vid_ch_s17_1,12000,,true,true
vw_191,vid_ch_aki_0,9000,,true,true
vw_191,vid_ch_pix_0,18000,,true,true
vw_191,vid_ch_ray_0,3489,3489,false,true
vw_192,vid_ch_s20_2,3418,3418,false,true
vw_192,vid_ch_pix_0,6824,6824,false,true
vw_192,vid_ch_s19_0,7497,7497,false,true
vw_192,vid_ch_pix_3,4482,4482,false,true
vw_192,vid_ch_s19_1,12000,,true,true
vw_192,vid_ch_s21_1,15000,,true,true
vw_192,vid_ch_s05_2,9052,9052,false,true
vw_192,vid_ch_s13_0,5459,5459,false,true
vw_192,vid_ch_s16_0,1867,1867,false,true
vw_192,vid_ch_s21_0,15000,,true,true
vw_192,vid_ch_s08_2,15000,,true,true
vw_192,vid_ch_vera_0,5941,5941,false,true
vw_192,vid_ch_s02_2,5568,5568,false,true
vw_192,vid_ch_s14_0,18000,,true,true
vw_192,vid_ch_s08_0,15000,,true,true
vw_192,vid_ch_pix_2,8471,8471,false,true
vw_192,vid_ch_s00_1,6405,6405,false,true
vw_192,vid_ch_s18_2,5006,5006,false,true
vw_193,vid_ch_pix_0,5866,5866,false,true
vw_193,vid_ch_s10_1,12000,,true,true
vw_193,vid_ch_s14_0,11033,11033,false,true
vw_193,vid_ch_pix_1,6454,6454,false,true
vw_193,vid_ch_s01_3,12000,,true,true
vw_193,vid_ch_s21_2,5424,5424,false,true
vw_193,vid_ch_s08_2,15000,,true,true
vw_193,vid_ch_s12_1,10043,10043,false,true
vw_193,vid_ch_aki_2,3937,3937,false,true
vw_193,vid_ch_vera_0,12000,,true,true
vw_193,vid_ch_s19_0,12000,,true,true
vw_193,vid_ch_s04_0,15000,,true,true
vw_193,vid_ch_s16_0,4812,4812,false,true
vw_193,vid_ch_juno_0,5553,5553,false,true
vw_193,vid_ch_s12_0,9000,,true,true
vw_193,vid_ch_ray_1,12000,,true,true
vw_193,vid_ch_s02_2,9547,9547,false,true
vw_194,vid_ch_pix_3,2988,2988,false,true
vw_194,vid_ch_s00_0,7367,7367,false,true
vw_194,vid_ch_s08_1,5864,5864,false,true
vw_194,vid_ch_s20_0,5075,5075,false,true
vw_194,vid_ch_kai_0,5552,5552,false,true
vw_194,vid_ch_s04_1,3166,3166,false,true
vw_194,vid_ch_s02_1,9000,,true,true
vw_194,vid_ch_s02_0,12000,,true,true
vw_194,vid_ch_s10_1,2498,2498,false,true
vw_194,vid_ch_s12_3,5616,5616,false,true
vw_194,vid_ch_s13_1,5869,5869,false,true
vw_194,vid_ch_juno_1,5629,5629,false,true
vw_194,vid_ch_s01_3,12000,,true,true
vw_194,vid_ch_s07_1,3657,3657,false,true
vw_194,vid_ch_ray_0,18000,,true,true
vw_194,vid_ch_s00_1,2673,2673,false,true
vw_195,vid_ch_s15_1,7506,7506,false,true
vw_195,vid_ch_pix_1,4021,4021,false,true
vw_195,vid_ch_s00_0,2759,2759,false,true
vw_195,vid_ch_s12_2,6949,6949,false,true
vw_195,vid_ch_nova_0,6504,6504,false,true
vw_195,vid_ch_s07_1,5055,5055,false,true
vw_195,vid_ch_s10_1,12000,,true,true
vw_195,vid_ch_kai_0,12000,,true,true
vw_195,vid_ch_s19_0,7092,7092,false,true
vw_195,vid_ch_aki_3,15000,,true,true
vw_195,vid_ch_s20_2,5404,5404,false,true
vw_195,vid_ch_kai_1,5576,5576,false,true
vw_195,vid_ch_s17_1,4226,4226,false,true
vw_196,vid_ch_s05_2,15000,,true,true
vw_196,vid_ch_s16_1,9667,9667,false,true
vw_196,vid_ch_s18_2,2119,2119,false,true
vw_196,vid_ch_s10_1,12000,,true,true
vw_196,vid_ch_s19_0,12000,,true,true
vw_196,vid_ch_s02_2,8278,8278,false,true
vw_196,vid_ch_s11_0,9000,,true,true
vw_196,vid_ch_s04_2,12000,,true,true
vw_196,vid_ch_s02_1,4079,4079,false,true
vw_196,vid_ch_kai_1,15000,,true,true
vw_196,vid_ch_mei_0,4039,4039,false,true
vw_196,vid_ch_ray_0,18000,,true,true
vw_196,vid_ch_juno_0,12000,,true,true
vw_196,vid_ch_s14_0,3755,3755,false,true
vw_196,vid_ch_s10_0,5002,5002,false,true
vw_196,vid_ch_s01_1,2857,2857,false,true
vw_196,vid_ch_s06_2,2073,2073,false,true
vw_196,vid_ch_s06_1,4365,4365,false,true
vw_196,vid_ch_s00_1,7379,7379,false,true
vw_196,vid_ch_nova_1,6328,6328,false,true
vw_196,vid_ch_nova_0,5109,5109,false,true
vw_197,vid_ch_juno_0,12000,,true,true
vw_197,vid_ch_s19_1,7308,7308,false,true
vw_197,vid_ch_s06_0,5945,5945,false,true
vw_197,vid_ch_s02_0,12000,,true,true
vw_197,vid_ch_s15_1,6631,6631,false,true
vw_197,vid_ch_s08_0,15000,,true,true
vw_197,vid_ch_pix_0,18000,,true,true
vw_197,vid_ch_s14_0,18000,,true,true
vw_197,vid_ch_juno_1,2920,2920,false,true
vw_197,vid_ch_s14_1,18000,,true,true
vw_197,vid_ch_s11_1,18000,,true,true
vw_197,vid_ch_s06_1,7408,7408,false,true
vw_197,vid_ch_s21_2,9146,9146,false,true
vw_197,vid_ch_s20_2,12000,,true,true
vw_198,vid_ch_s11_2,9290,9290,false,true
vw_198,vid_ch_vera_0,12000,,true,true
vw_198,vid_ch_s05_2,2489,2489,false,true
vw_198,vid_ch_s18_0,15000,,true,true
vw_198,vid_ch_juno_0,5094,5094,false,true
vw_198,vid_ch_nova_1,4155,4155,false,true
vw_198,vid_ch_s17_0,3154,3154,false,true
vw_198,vid_ch_s10_0,18000,,true,true
vw_198,vid_ch_s19_3,9000,,true,true
vw_198,vid_ch_s11_3,7528,7528,false,true
vw_198,vid_ch_s21_2,6870,6870,false,true
vw_198,vid_ch_s15_1,18000,,true,true
vw_198,vid_ch_s01_0,7182,7182,false,true
vw_198,vid_ch_s20_2,3067,3067,false,true
vw_198,vid_ch_s13_0,4957,4957,false,true
vw_199,vid_ch_s04_0,15000,,true,true
vw_199,vid_ch_s21_0,3050,3050,false,true
vw_199,vid_ch_ray_0,18000,,true,true
vw_199,vid_ch_s09_0,6644,6644,false,true
vw_199,vid_ch_s16_1,15000,,true,true
vw_199,vid_ch_mei_0,3828,3828,false,true
vw_199,vid_ch_s01_2,4142,4142,false,true
vw_199,vid_ch_s09_1,8165,8165,false,true
vw_199,vid_ch_s21_1,8049,8049,false,true
vw_199,vid_ch_s19_2,18000,,true,true
vw_199,vid_ch_kai_2,9000,,true,true
vw_199,vid_ch_s07_0,18000,,true,true
vw_199,vid_ch_s20_1,8178,8178,false,true
vw_199,vid_ch_mei_1,2191,2191,false,true
vw_199,vid_ch_s10_0,10736,10736,false,true
vw_199,vid_ch_kai_0,3390,3390,false,true
vw_199,vid_ch_s02_2,2951,2951,false,true
vw_199,vid_ch_s00_1,7619,7619,false,true
vw_199,vid_ch_kai_1,7032,7032,false,true
